PerformanceToSalary,MonthlyIncome,EngagementScore,Age,OverTime,DistanceFromHome,ExperiencePerformance,TotalWorkingYears,YearsAtCompany,NumCompaniesWorked,PercentSalaryHike,PromotionGapRatio,JobRole,StockOptionLevel,YearsWithCurrManager,Attrition
0.0005005005005005005,5993,2.5,41,1,1,24,8,6,8,11,0.0,7,0,5.0,1
0.0007795751315533034,5130,2.75,49,0,8,40,10,10,1,23,0.09090909090909091,6,1,7.0,0
0.0014347202295552368,2090,2.75,37,1,2,21,7,0,6,15,0.0,2,0,0.0,1
0.0010309278350515464,2909,3.25,33,1,3,24,8,8,1,11,0.3333333333333333,6,0,0.0,0
0.0008648025367541078,3468,2.5,27,0,2,18,6,2,9,12,0.2857142857142857,2,1,2.0,0
0.0009775171065493646,3068,3.5,32,0,2,24,8,7,0,13,0.3333333333333333,2,0,6.0,0
0.001497566454511419,2670,2.25,59,1,3,48,12,1,4,20,0.0,2,3,0.0,0
0.0014847809948032665,2693,3.0,30,0,24,4,1,1,1,22,0.0,2,1,0.0,0
0.00041985934711871525,9526,2.75,38,0,23,40,10,9,0,21,0.09090909090909091,4,0,8.0,0
0.000572737686139748,5237,2.75,36,0,27,51,17,7,6,13,0.3888888888888889,0,2,7.0,0
0.0012360939431396785,2426,2.5,35,0,16,18,6,5,0,13,0.0,2,1,3.0,0
0.000715307582260372,4193,3.25,29,1,15,30,10,9,0,12,0.0,2,0,8.0,0
0.0010302197802197802,2911,2.75,31,0,26,15,5,5,1,17,0.6666666666666666,6,1,3.0,0
0.0011269722013523666,2661,3.0,34,0,19,9,3,2,0,11,0.25,2,1,2.0,0
0.0014785608674223755,2028,2.5,28,1,24,18,6,4,5,14,0.0,2,0,3.0,1
0.00030057108506161706,9980,2.5,29,0,21,30,10,10,1,11,0.7272727272727273,4,1,8.0,0
0.0009093664746892998,3298,2.75,32,1,5,21,7,6,0,12,0.0,6,2,5.0,0
0.0010217983651226157,2935,3.5,22,1,16,3,1,1,1,13,0.0,2,2,0.0,0
0.0001944516463572725,15427,2.5,53,0,2,93,31,25,2,16,0.09375,3,0,7.0,0
0.0007604562737642585,3944,3.5,38,1,2,18,6,3,5,11,0.14285714285714285,6,0,2.0,0
0.0007477567298105683,4011,3.0,24,0,11,15,5,4,0,18,0.16666666666666666,4,1,3.0,0
0.0011737089201877935,3407,2.0,36,0,9,40,10,5,7,23,0.0,8,0,3.0,1
0.00025010421008753647,11994,2.25,34,0,7,39,13,12,0,11,0.14285714285714285,5,0,11.0,0
0.0024330900243309003,1232,3.5,21,0,15,0,0,0,1,14,0.0,6,0,0.0,0
0.0010131712259371835,2960,2.25,34,0,6,24,8,4,2,11,0.1111111111111111,6,0,3.0,1
0.00015710919088766692,19094,3.25,53,0,5,78,26,14,4,11,0.14814814814814814,3,1,8.0,0
0.0010204081632653062,3919,1.5,32,1,16,40,10,10,1,22,0.5454545454545454,6,0,7.0,1
0.00043949604453559916,6825,3.0,42,0,8,30,10,9,0,11,0.36363636363636365,7,1,2.0,0
0.0002927114840472241,10248,2.75,44,0,7,72,24,22,3,14,0.2,0,1,14.5,0
0.00015832805573147562,18947,2.5,46,0,2,66,22,2,3,12,0.08695652173913043,3,0,1.0,0
0.0012014417300760913,2496,3.5,33,0,2,21,7,1,4,11,0.0,2,0,0.0,0
0.00046396535725332506,6465,3.75,44,1,10,27,9,4,2,13,0.1,0,0,3.0,0
0.001359311282283643,2206,2.5,30,0,9,30,10,10,1,13,0.09090909090909091,2,0,8.0,0
0.0014374700527072352,2086,3.5,39,0,5,57,19,1,3,14,0.0,8,1,0.0,1
0.0013077593722755014,2293,2.5,24,1,1,18,6,2,2,16,0.2857142857142857,6,1,0.0,1
0.0011337868480725624,2645,3.75,43,0,2,18,6,5,1,12,0.14285714285714285,6,2,4.0,0
0.0011177347242921013,2683,2.25,50,1,3,9,3,3,1,14,0.0,8,0,2.0,1
0.001488833746898263,2014,3.0,35,0,2,6,2,2,1,13,0.6666666666666666,8,0,2.0,0
0.0008771929824561404,3419,2.25,36,1,5,18,6,1,9,14,0.0,6,1,0.0,0
0.0005579319323042589,5376,2.25,33,0,1,30,10,5,2,19,0.09090909090909091,7,2,3.0,0
0.0015368852459016393,1951,3.25,35,0,4,3,1,1,1,12,0.0,2,1,0.0,0
0.0012809564474807857,2341,3.0,27,0,2,3,1,1,1,13,0.0,2,1,0.0,0
0.0013077593722755014,2293,2.0,26,0,25,3,1,1,1,12,0.0,2,0,1.0,1
0.00034376074252320387,8726,3.5,27,0,8,27,9,9,1,15,0.1,7,0,7.0,0
0.0009970089730807576,4011,3.5,30,0,1,48,12,12,1,23,0.23076923076923078,2,0,7.0,0
0.00015348408881612607,19545,3.0,41,0,12,69,23,22,1,12,0.625,5,0,8.0,1
0.0008754650908295032,4568,2.75,34,0,23,40,10,9,0,20,0.7272727272727273,7,0,7.0,0
0.0013231888852133643,3022,2.0,37,0,19,32,8,1,4,21,0.0,6,0,0.0,0
0.0006928806513078123,5772,2.75,46,1,5,56,14,9,4,21,0.0,7,0,8.0,0
0.0013215859030837004,2269,4.0,35,0,8,3,1,1,1,19,0.0,2,0,1.0,0
0.0005574136008918618,5381,2.5,48,1,1,69,23,1,9,13,0.0,2,0,0.0,1
0.0008715862870424172,3441,3.0,28,1,5,6,2,2,1,13,0.6666666666666666,2,0,2.0,1
0.0007332722273143905,5454,2.25,44,1,1,36,9,4,5,21,0.1,7,1,3.0,0
0.00030349013657056146,9884,2.25,35,1,11,30,10,4,2,13,0.18181818181818182,0,1,3.0,0
0.0007215007215007215,4157,3.0,26,1,23,15,5,2,7,19,0.0,7,1,0.0,0
0.00022289917527305148,13458,2.75,33,1,1,45,15,15,1,12,0.5,5,0,12.0,0
0.0004410143329658214,9069,2.5,35,0,18,36,9,9,1,22,0.1,7,1,8.0,0
0.0007471980074719801,4014,2.5,35,1,23,12,4,2,3,15,0.4,2,1,2.0,0
0.000676132521974307,5915,3.75,31,0,7,40,10,7,3,22,0.09090909090909091,2,1,7.0,0
0.0005005005005005005,5993,2.25,37,0,1,21,7,7,1,18,0.0,4,1,7.0,0
0.0006490345610903781,6162,2.5,32,1,1,36,9,9,1,22,0.7,4,1,8.0,0
0.0012463647694225177,2406,3.75,38,0,29,30,10,10,1,11,0.8181818181818182,2,0,9.0,0
0.00016007683688170322,18740,2.75,50,1,7,87,29,27,5,12,0.43333333333333335,5,1,8.0,0
0.00039277297721916735,7637,2.25,59,0,25,84,28,21,7,11,0.2413793103448276,7,0,9.0,0
0.0002971179558284639,10096,2.75,36,0,8,51,17,17,1,13,0.6666666666666666,0,3,8.0,0
0.00020329335230737954,14756,3.25,55,1,8,63,21,5,2,14,0.0,3,3,2.0,0
0.00046153846153846153,6499,2.25,36,0,11,18,6,6,1,13,0.0,4,0,3.0,0
0.0003084832904884319,9724,2.25,45,0,7,75,25,1,2,17,0.0,6,1,0.0,0
0.001366742596810934,2194,2.5,35,0,1,15,5,3,4,13,0.16666666666666666,6,1,2.0,0
0.0008852168781351431,3388,2.5,36,1,9,6,2,1,0,17,0.0,6,1,0.0,1
0.0005480453050785532,5473,2.5,59,0,1,60,20,4,7,11,0.047619047619047616,7,0,3.0,0
0.0014792899408284023,2703,3.0,29,0,2,24,6,5,0,23,0.0,6,1,4.0,0
0.001199040767386091,2501,2.5,31,0,1,3,1,1,1,17,0.5,6,0,0.0,0
0.00048223758238225364,6220,2.25,32,0,1,30,10,10,1,17,0.0,6,2,9.0,0
0.0009871668311944718,3038,3.0,36,0,6,15,5,1,3,12,0.0,2,0,0.0,0
0.000903954802259887,4424,3.5,31,0,8,44,11,11,1,23,0.08333333333333333,4,0,8.0,0
0.0006955715279387897,4312,2.0,35,0,1,48,16,15,0,14,0.11764705882352941,7,0,8.0,0
0.0002264834667069304,13245,2.5,45,1,6,51,17,0,4,14,0.0,5,0,0.0,0
0.0002195389681668496,13664,2.0,37,0,7,48,16,5,4,13,0.0,5,0,2.0,0
0.0007964954201513341,5021,2.75,46,1,5,64,16,4,8,22,0.0,1,1,2.0,0
0.0005851375073142189,5126,3.25,30,1,1,30,10,10,1,12,0.2727272727272727,2,2,0.0,0
0.001048951048951049,2859,2.0,35,0,1,18,6,6,1,18,0.0,6,0,4.0,0
0.00029296875,10239,3.0,55,0,1,72,24,1,3,14,0.04,7,1,0.0,0
0.0005628517823639775,5329,2.75,38,1,6,51,17,13,7,12,0.05555555555555555,6,3,9.0,0
0.0006934812760055479,4325,2.25,34,0,1,15,5,5,1,15,0.16666666666666666,4,0,3.0,0
0.0004131662305467566,7260,2.5,56,0,7,111,37,6,4,11,0.0,4,0,2.0,0
0.0012914334911752045,2322,2.5,23,0,2,9,3,0,3,13,0.0,8,1,0.0,0
0.0019267822736030828,2075,3.25,51,0,9,40,10,4,3,23,0.0,2,2,3.0,0
0.0007223693715386468,4152,2.5,30,0,2,33,11,11,1,19,0.8333333333333334,0,3,8.0,0
0.00031185031185031187,9619,3.25,46,0,9,27,9,9,1,16,0.4,7,0,7.0,1
0.0002962085308056872,13503,2.75,40,0,1,88,22,22,1,22,0.4782608695652174,0,1,11.0,0
0.000735023888276369,5441,3.5,51,1,21,44,11,10,0,22,0.08333333333333333,7,0,0.0,0
0.0005758157389635317,5209,2.25,30,1,4,33,11,11,1,12,0.16666666666666666,7,3,7.0,0
0.0002810567734682406,10673,2.25,46,1,1,63,21,10,2,13,0.4090909090909091,0,1,5.0,0
0.0005986828976252245,5010,2.25,32,0,6,36,12,11,1,16,0.38461538461538464,7,0,7.0,0
0.00022140221402214023,13549,2.0,54,0,2,48,16,4,9,12,0.0,5,1,3.0,0
0.0008,4999,2.0,24,0,3,16,4,3,0,21,0.0,7,1,2.0,0
0.0007105637138796779,4221,2.5,28,0,4,15,5,5,1,15,0.0,7,0,4.0,0
0.0002162473870107403,13872,3.25,58,0,10,114,38,37,0,13,0.02564102564102564,7,0,8.0,0
0.0014684287812041115,2042,2.5,44,0,23,51,17,3,4,12,0.05555555555555555,2,1,2.0,0
0.0019286403085824494,2073,2.75,37,1,6,28,7,3,4,22,0.0,1,0,2.0,1
0.0010145417653026716,2956,3.0,32,0,1,3,1,1,1,13,0.0,6,0,0.0,0
0.0010249402118209772,2926,3.0,20,1,6,3,1,1,1,18,0.5,2,0,0.0,1
0.0006237006237006237,4809,2.5,34,0,6,48,16,16,1,14,0.11764705882352941,6,0,10.0,0
0.0005809450038729666,5163,3.25,37,0,2,51,17,1,5,14,0.0,0,1,0.0,0
0.0002122578933404086,18844,3.25,59,0,2,120,30,3,9,21,0.06451612903225806,3,1,2.0,0
0.00016508006383095803,18172,1.75,50,1,1,84,28,8,3,19,0.0,5,0,7.0,0
0.0005221932114882506,5744,3.0,25,1,5,18,6,6,1,11,0.0,7,0,3.0,1
0.0010380622837370243,2889,3.25,25,0,7,6,2,2,1,11,0.6666666666666666,6,2,1.0,0
0.0010445682451253482,2871,3.0,22,0,15,3,1,0,1,15,0.0,2,0,0.0,0
0.0005344021376085504,7484,1.75,51,0,1,92,23,13,3,20,0.5,0,0,8.0,0
0.0006584362139917696,6074,2.25,34,1,7,36,9,9,1,24,0.0,2,0,6.0,1
0.000173120203127705,17328,3.75,54,1,26,69,23,5,2,12,0.16666666666666666,3,0,4.0,0
0.001081081081081081,2774,2.75,24,0,18,18,6,5,0,12,0.14285714285714285,2,1,2.0,0
0.0006657789613848203,4505,2.5,34,0,6,36,12,1,6,15,0.0,6,1,0.0,0
0.00040382285637367073,7428,2.75,37,0,3,36,12,5,2,12,0.07692307692307693,7,0,3.0,0
0.00025790921595598347,11631,2.5,34,0,5,42,14,11,2,12,0.3333333333333333,3,0,8.0,0
0.0003080398398192833,9738,3.0,36,0,11,30,10,9,0,14,0.18181818181818182,7,1,8.0,0
0.0014104372355430183,2835,2.25,36,0,3,28,7,1,5,22,0.0,2,1,0.0,0
0.00017688679245283018,16959,3.5,43,1,26,75,25,25,1,12,0.15384615384615385,3,2,12.0,0
0.001530221882172915,2613,2.0,30,0,23,40,10,10,1,25,0.0,6,3,9.0,0
0.0004880429477794046,6146,2.25,33,0,22,24,8,7,0,13,0.0,7,1,7.0,0
0.0006043513295729251,4963,2.0,56,1,14,21,7,5,9,18,0.5,6,3,3.0,1
0.00015354693417954756,19537,2.5,51,0,6,69,23,20,7,13,0.625,5,0,14.5,0
0.0004859873643285275,6172,2.0,31,1,6,36,12,7,4,18,0.5384615384615384,7,0,7.0,1
0.001266357112705783,2368,2.5,26,0,6,15,5,5,1,19,0.6666666666666666,6,0,3.0,0
0.0002908949869097256,10312,3.75,58,0,23,120,40,40,1,12,0.36585365853658536,0,1,6.0,1
0.0017899761336515514,1675,3.5,19,1,22,0,0,0,1,19,0.0,8,0,0.0,1
0.0011885895404120444,2523,3.25,22,0,2,9,3,2,0,14,0.5,2,1,1.0,0
0.00045676004872107184,6567,2.5,49,0,20,48,16,15,1,14,0.29411764705882354,4,0,11.0,0
0.0006329113924050633,4739,3.25,43,0,28,54,18,3,4,12,0.05263157894736842,6,0,2.0,0
0.0003257682701704854,9208,3.5,50,0,12,48,16,2,4,11,0.11764705882352941,7,0,1.0,0
0.0006578947368421052,4559,2.25,31,1,20,12,4,2,3,11,0.4,7,1,2.0,1
0.0003663003663003663,8189,3.0,41,1,9,36,12,9,3,13,0.0,7,1,7.0,0
0.0013591573224600749,2942,3.25,26,0,25,32,8,8,1,23,0.5555555555555556,1,1,7.0,0
0.0008093889113719142,4941,2.75,36,0,6,28,7,3,6,20,0.0,4,2,1.0,0
0.0002816636935499014,10650,2.5,51,0,8,54,18,4,2,15,0.0,4,0,3.0,1
0.0005082161612739285,5902,3.0,39,0,4,51,17,15,4,14,0.2777777777777778,7,1,9.0,0
0.00034722222222222224,8639,2.5,25,0,28,18,6,2,2,18,0.2857142857142857,7,0,2.0,0
0.0004725897920604915,6347,3.5,30,1,9,36,12,11,0,19,0.3076923076923077,1,0,7.0,0
0.0009521542489883361,4200,1.5,32,0,9,40,10,5,7,22,0.0,2,0,4.0,1
0.0008688097306689834,3452,3.0,45,0,29,27,9,6,5,13,0.0,6,0,3.0,0
0.0009263547938860583,4317,3.0,38,1,3,76,19,3,3,20,0.1,6,0,2.0,0
0.001139384732244588,2632,2.5,30,0,18,15,5,5,1,14,0.0,6,0,4.0,0
0.000642535874919683,4668,3.25,32,0,9,27,9,8,0,17,0.0,7,3,7.0,0
0.00093603744149766,3204,3.0,30,0,5,24,8,3,5,14,0.2222222222222222,6,1,2.0,0
0.0011025358324145535,2720,3.0,30,0,2,18,6,5,0,13,0.14285714285714285,2,0,2.0,0
0.00017460132697008496,17181,2.25,41,0,10,63,21,7,4,13,0.3181818181818182,3,1,7.0,0
0.001786511835640911,2238,2.75,41,0,9,28,7,5,2,21,0.125,2,1,4.0,0
0.0020215633423180594,1483,2.75,19,0,3,3,1,1,1,14,0.0,2,0,0.0,0
0.0005351409204423831,5605,2.0,40,0,26,60,20,20,1,11,0.09523809523809523,6,1,13.0,0
0.00041118421052631577,7295,2.25,35,0,1,30,10,10,1,13,0.0,7,2,6.0,0
0.0017338534893801473,2306,3.0,53,1,6,52,13,7,2,20,0.2857142857142857,8,1,5.0,0
0.001277139208173691,2348,2.5,45,0,9,60,20,17,8,18,0.0,2,1,14.5,0
0.000333370374486054,8998,3.25,32,0,8,27,9,9,1,14,0.3,7,0,7.0,0
0.0006944444444444445,4319,2.75,29,0,1,30,10,10,1,13,0.0,4,1,9.0,0
0.0004891570194032284,6132,2.5,51,0,7,30,10,1,2,17,0.0,4,0,0.0,0
0.0011951000896325067,3346,2.0,58,1,9,36,9,1,4,20,0.0,6,1,0.0,0
0.0002763448784082535,10855,2.5,40,0,4,45,15,12,7,11,0.125,7,1,11.0,0
0.0013440860215053765,2231,3.25,34,0,2,18,6,4,6,18,0.14285714285714285,8,1,2.0,0
0.0017211703958691911,2323,2.75,22,0,19,8,2,2,1,24,0.6666666666666666,6,2,2.0,0
0.0014814814814814814,2024,3.25,27,0,9,18,6,2,6,18,0.2857142857142857,6,1,2.0,0
0.001105379513633014,2713,3.25,28,0,21,15,5,5,1,11,0.0,6,1,2.0,0
0.0003177966101694915,9439,3.25,57,1,24,36,12,5,3,16,0.07692307692307693,0,1,4.0,0
0.001168679392286716,2566,3.0,27,1,3,3,1,1,1,15,0.0,6,1,1.0,0
0.00015054950569578964,19926,2.5,50,0,11,63,21,5,3,15,0.18181818181818182,3,0,4.0,0
0.0012234910277324632,2451,2.0,41,0,14,39,13,9,4,12,0.07142857142857142,6,1,8.0,0
0.0003184713375796178,9419,3.0,30,0,5,36,12,10,2,12,0.5384615384615384,7,1,4.0,0
0.0004604581558650858,8686,2.5,38,0,1,48,12,8,4,22,0.0,7,0,7.0,0
0.0013162224415926291,3038,2.5,32,0,6,32,8,5,3,20,0.1111111111111111,6,0,4.0,0
0.0009807126511932004,3058,3.0,27,1,17,18,6,5,0,16,0.14285714285714285,6,1,1.0,0
0.0017196904557179708,2325,1.5,19,0,1,4,1,0,0,21,0.0,8,0,0.0,1
0.0014360938247965534,2088,3.0,36,0,3,39,13,8,4,12,0.5,2,0,2.0,0
0.0009762447120078099,3072,2.5,30,0,9,36,12,12,1,11,0.46153846153846156,2,2,10.0,0
0.0005991611743559018,5006,2.0,45,1,4,27,9,5,4,11,0.0,7,1,3.0,0
0.0007045561296383278,4257,2.5,56,1,8,57,19,2,4,18,0.1,6,1,2.0,0
0.0011995201919232307,2500,2.75,33,0,2,12,4,3,0,14,0.0,6,0,2.0,0
0.003626473254759746,1102,2.75,19,0,2,4,1,1,1,22,0.5,2,0,0.0,1
0.0003826286588865506,10453,2.25,46,0,1,96,24,24,1,25,0.6,7,3,7.0,0
0.001310615989515072,2288,3.25,38,0,9,6,2,2,1,12,0.6666666666666666,2,0,1.0,0
0.0010178117048346056,3929,3.25,31,1,12,28,7,4,8,23,0.0,6,1,2.0,0
0.0012975778546712802,2311,3.25,34,0,27,27,9,3,2,15,0.1,6,0,2.0,0
0.0012734797835084368,3140,2.75,41,1,20,16,4,4,1,22,0.0,8,0,2.0,1
0.000812787862367922,3690,3.0,50,0,1,15,5,3,2,15,0.0,2,1,2.0,0
0.0006740058413839587,4450,3.0,53,0,13,15,5,4,1,11,0.16666666666666666,4,2,3.0,0
0.001088139281828074,2756,3.25,33,0,14,24,8,8,1,13,0.1111111111111111,6,1,6.0,0
0.00015761269307554903,19033,3.0,40,0,4,63,21,20,1,14,0.4090909090909091,3,1,9.0,0
0.0001602307322544464,18722,3.25,55,0,14,108,36,24,8,11,0.05405405405405406,5,0,14.5,0
0.0003142019271051529,9547,3.0,34,0,2,30,10,10,1,17,0.09090909090909091,4,0,9.0,0
0.0002184200946487077,13734,3.0,51,0,3,63,21,7,3,18,0.045454545454545456,0,0,0.0,0
0.00015,19999,2.25,52,0,1,102,34,33,0,14,0.3142857142857143,3,1,9.0,0
0.0013157894736842105,2279,3.25,27,0,9,21,7,7,1,16,0.0,6,0,3.0,0
0.000507013689369613,5916,2.0,35,1,23,24,8,1,3,13,0.0,4,0,1.0,1
0.0014354066985645933,2089,4.0,43,0,7,21,7,5,4,14,0.25,6,3,2.0,0
0.0002381944857976538,16792,2.75,45,0,2,88,22,20,9,23,0.4782608695652174,3,1,8.0,0
0.0008415147265077139,3564,2.0,37,1,21,24,8,8,1,12,0.1111111111111111,6,1,7.0,0
0.0006778129236330773,4425,2.75,35,0,2,30,10,6,5,11,0.09090909090909091,2,0,2.0,0
0.000569692366122294,5265,2.75,42,0,21,33,11,5,2,16,0.0,4,1,2.0,0
0.00045773573390296,6553,3.0,38,0,2,42,14,1,9,14,0.0,4,0,0.0,0
0.0004790801660811242,6261,3.0,38,0,29,27,9,7,3,18,0.1,4,1,7.0,0
0.0006978367062107466,4298,2.25,27,0,1,18,6,2,5,19,0.2857142857142857,4,1,0.0,0
0.000440852314474651,6804,3.0,49,1,18,21,7,7,1,15,0.125,4,2,7.0,0
0.0007861635220125787,3815,3.5,34,1,10,15,5,5,1,17,0.3333333333333333,6,1,0.0,0
0.0010940919037199124,2741,3.25,40,1,19,45,15,7,8,15,0.1875,2,1,7.0,0
0.0004495055439017081,6673,2.0,38,1,29,51,17,1,7,19,0.0,0,0,0.0,1
0.0005235602094240838,7639,3.25,29,0,27,40,10,10,1,22,0.09090909090909091,7,3,9.0,1
0.0012881064834693002,2328,2.75,22,1,5,12,4,4,1,16,0.4,6,1,2.0,0
0.001392757660167131,2153,2.5,36,0,18,24,8,8,1,13,0.1111111111111111,2,0,7.0,0
0.0006151322534344885,4876,3.5,40,0,9,15,5,3,9,14,0.0,0,1,2.0,0
0.00031925082473129723,9396,2.75,46,0,1,51,17,4,7,16,0.0,0,1,3.0,0
0.00028843380444188056,10400,3.0,32,0,4,42,14,14,1,11,0.6,7,0,8.0,1
0.00047197640117994103,8474,2.75,30,0,1,48,12,11,1,22,0.38461538461538464,4,0,8.0,0
0.00030054097375275494,9981,3.5,27,0,20,21,7,7,1,14,0.0,7,0,7.0,0
0.00024017292450564405,12490,2.5,51,0,8,48,16,10,5,16,0.23529411764705882,5,2,7.0,0
0.001128668171557562,2657,2.75,30,1,3,24,8,5,5,11,0.0,6,0,4.0,1
0.00022071806945261918,13591,3.5,41,1,6,48,16,1,3,18,0.0,3,0,0.0,0
0.0004479617739286248,6696,2.25,30,0,26,27,9,6,5,15,0.0,7,0,1.0,1
0.0014570179698882952,2058,3.25,29,0,1,21,7,6,0,14,0.125,6,0,5.0,1
0.0003383713061132416,8865,3.5,45,0,6,69,23,19,6,12,0.5,7,0,8.0,0
0.000504965494024575,5940,3.0,54,0,3,48,16,6,2,14,0.0,7,1,5.0,0
0.0005071851225697379,5914,3.25,36,0,5,48,16,13,8,16,0.17647058823529413,2,0,7.0,0
0.0015249714067861228,2622,2.75,33,0,4,28,7,3,6,21,0.125,6,0,1.0,0
0.0002461841457410143,12185,3.0,37,1,11,30,10,10,1,14,0.0,5,3,7.0,0
0.0002827521206409048,10609,2.5,38,0,3,51,17,16,0,12,0.2777777777777778,7,2,13.0,0
0.0006902899217671422,4345,2.75,31,0,1,18,6,5,0,12,0.14285714285714285,4,1,4.0,0
0.0013774104683195593,2177,2.5,59,0,3,21,7,1,3,17,0.0,6,1,0.0,0
0.0010737294201861132,2793,2.75,37,0,4,39,13,9,4,17,0.35714285714285715,8,1,8.0,0
0.00037883571157974494,7918,3.25,29,0,1,33,11,11,1,14,0.3333333333333333,7,1,1.0,0
0.00034129692832764505,8789,2.5,35,0,1,30,10,10,1,14,0.0,7,0,8.0,0
0.0012552301255230125,2389,3.0,29,1,18,12,4,4,1,13,0.0,6,0,1.0,1
0.0009337068160597573,3212,2.75,52,0,2,18,6,2,7,15,0.2857142857142857,2,0,2.0,0
0.00015598190609889253,19232,3.5,42,0,4,66,22,22,1,11,0.4782608695652174,3,0,14.5,0
0.0013227513227513227,2267,3.0,59,0,6,21,7,2,8,17,0.25,1,0,2.0,0
0.0001537042729787888,19517,3.5,50,0,1,96,32,7,3,11,0.0,3,1,6.0,0
0.0012310217480508822,2436,3.25,33,1,14,24,8,5,5,13,0.0,2,1,4.0,1
0.00024898848428260193,16064,3.5,43,1,16,88,22,17,5,22,0.043478260869565216,3,1,9.0,0
0.0014771048744460858,2707,1.5,33,0,2,52,13,9,7,20,0.07142857142857142,2,0,7.0,1
0.00015732340447847292,19068,2.5,52,1,2,99,33,33,1,18,0.4411764705882353,3,0,12.0,0
0.000762970498474059,3931,2.25,32,0,4,18,6,4,2,11,0.14285714285714285,8,1,2.0,0
0.0008040739748056821,3730,3.25,32,1,1,12,4,3,0,14,0.2,2,0,2.0,1
0.0013434841021047917,2232,3.0,39,0,1,21,7,3,7,14,0.125,2,3,2.0,0
0.0006717420510523958,4465,2.75,32,0,26,12,4,3,0,18,0.4,7,0,2.0,0
0.0009762447120078099,3072,2.0,41,0,19,51,17,1,2,16,0.0,6,2,0.0,0
0.0009036144578313253,3319,2.25,40,0,24,27,9,9,1,17,0.4,6,2,7.0,0
0.0001562255897516013,19202,3.5,45,0,1,75,25,24,0,11,0.038461538461538464,3,1,7.0,0
0.0002193623866627669,13675,2.25,31,0,3,27,9,2,9,12,0.2,5,1,2.0,0
0.0010302197802197802,2911,3.0,33,0,5,6,2,2,1,13,0.0,6,1,2.0,0
0.0005035246727089627,5957,2.25,34,0,2,39,13,11,6,13,0.35714285714285715,4,1,9.0,0
0.0007651109410864575,3920,1.75,37,0,1,51,17,3,2,14,0.0,6,1,2.0,0
0.0004662004662004662,6434,3.0,45,0,7,27,9,3,4,17,0.0,4,1,2.0,0
0.00029853716787740076,10048,2.25,37,0,10,51,17,1,6,11,0.0,4,2,0.0,1
0.0003656641374897157,10938,3.25,39,0,2,80,20,19,0,25,0.5238095238095238,0,0,8.0,0
0.0012815036309269544,2340,2.75,29,0,15,18,6,6,1,19,0.14285714285714285,6,0,5.0,0
0.00045829514207149406,6545,3.0,42,1,17,30,10,3,3,13,0.0,6,0,2.0,0
0.00043277553375649163,6931,3.75,29,0,20,30,10,3,2,14,0.0,7,1,2.0,0
0.000612369871402327,4898,2.75,25,0,1,15,5,4,0,12,0.16666666666666666,4,2,2.0,0
0.001156515034695451,2593,2.5,42,1,2,30,10,9,0,11,0.6363636363636364,2,1,8.0,0
0.0001543448062972681,19436,2.75,40,0,2,66,22,21,0,19,0.13043478260869565,5,1,9.0,0
0.0011013215859030838,2723,3.0,51,0,1,3,1,1,1,11,0.0,6,0,0.0,0
0.0008620689655172414,3479,2.25,31,0,29,18,6,5,0,11,0.14285714285714285,2,0,4.0,1
0.0014311270125223613,2794,2.75,32,0,7,20,5,5,1,20,0.0,2,0,3.0,0
0.0005714285714285715,5249,3.5,38,0,2,39,13,8,3,18,0.5,7,1,5.0,0
0.0013780431786862655,2176,2.75,32,0,2,27,9,6,4,13,0.0,2,0,4.0,0
0.00017779885023410183,16872,2.0,46,1,2,84,28,7,3,12,0.2413793103448276,3,1,7.0,0
0.0008605851979345956,3485,2.5,28,0,2,15,5,0,2,11,0.0,2,0,0.0,1
0.0004514672686230248,6644,1.75,29,0,2,30,10,0,2,19,0.0,7,2,0.0,0
0.0007164606842199534,5582,2.5,31,0,23,40,10,9,0,21,0.6363636363636364,0,1,8.0,0
0.0007498125468632841,4000,2.75,25,0,5,18,6,6,1,12,0.14285714285714285,0,2,5.0,0
0.0002222716159146477,13496,3.0,45,1,20,63,21,20,0,14,0.18181818181818182,0,0,10.0,0
0.0009342883836810962,3210,3.5,36,0,6,48,16,15,0,11,0.5882352941176471,2,1,11.0,0
0.00015751338863803424,19045,2.75,55,1,1,111,37,36,0,14,0.10526315789473684,3,0,13.0,0
0.00025316455696202533,11849,2.5,47,1,29,30,10,10,1,12,0.8181818181818182,3,1,9.0,1
0.001931434089811685,2070,3.75,28,0,9,20,5,5,1,23,0.0,6,1,4.0,0
0.0004613255420575119,6502,3.0,37,0,6,21,7,5,4,14,0.0,7,1,1.0,0
0.0009285051067780873,3230,2.5,21,0,3,9,3,3,1,17,0.25,6,0,0.0,0
0.00022052337547780066,13603,2.25,37,1,1,45,15,5,2,18,0.0,5,2,2.0,0
0.00025006251562890725,11996,2.5,35,0,22,30,10,7,7,18,0.5454545454545454,3,1,2.0,0
0.0007135212272565109,5605,2.25,38,1,7,32,8,8,1,24,0.7777777777777778,7,1,7.0,0
0.0006251953735542357,6397,2.25,26,0,1,24,6,6,1,20,0.14285714285714285,4,1,4.0,0
0.00015669887699138157,19144,1.75,50,0,4,84,28,10,3,14,0.034482758620689655,5,2,6.0,0
0.0001705999431333523,17584,3.25,53,1,3,63,21,5,3,16,0.045454545454545456,5,3,3.0,0
0.0008149959250203749,4907,2.75,42,0,1,80,20,20,1,25,0.5238095238095238,7,0,6.0,0
0.0006586169045005489,4554,2.5,29,0,2,30,10,10,1,18,0.0,7,0,9.0,0
0.0005539143279172822,5415,3.25,55,1,20,36,12,10,3,19,0.0,2,1,8.0,0
0.0006326444538169548,4741,2.0,26,1,11,15,5,5,1,13,0.5,0,1,3.0,0
0.0014177693761814746,2115,3.25,37,0,1,51,17,17,1,12,0.2777777777777778,6,0,7.0,0
0.001265022137887413,3161,3.5,44,1,24,76,19,1,3,22,0.0,2,1,0.0,1
0.0005221023320570832,5745,3.25,38,0,23,30,10,2,9,14,0.09090909090909091,0,1,2.0,0
0.0012636899747262005,2373,2.5,26,1,16,15,5,3,2,13,0.0,2,1,2.0,1
0.0012080942313500453,3310,3.75,28,0,8,20,5,5,1,21,0.0,6,0,2.0,0
0.0001607200257152041,18665,2.75,49,1,10,66,22,3,9,11,0.043478260869565216,5,0,2.0,0
0.0006687472135532769,4485,3.0,36,0,3,30,10,8,4,12,0.6363636363636364,6,0,7.0,0
0.001075268817204301,2789,3.0,31,0,5,6,2,2,1,11,0.6666666666666666,8,1,2.0,0
0.000514668039114771,5828,3.0,26,1,4,24,8,8,1,12,0.7777777777777778,7,0,4.0,1
0.001289213579716373,2326,3.0,37,1,9,12,4,4,1,12,0.2,6,3,2.0,0
0.00022179506136330032,13525,3.0,42,0,26,69,23,20,5,14,0.16666666666666666,7,1,8.0,0
0.00211118930330753,1420,3.0,18,0,3,0,0,0,1,13,0.0,2,0,0.0,1
0.00037401820221917467,8020,2.75,35,0,16,36,12,11,0,15,0.46153846153846156,7,2,9.0,0
0.000813228517213337,3688,3.75,36,0,18,12,4,1,4,18,0.0,2,2,0.0,0
0.0005471457231442641,5482,2.75,51,0,2,39,13,4,5,18,0.07142857142857142,4,1,2.0,0
0.0001873126873126873,16015,2.75,41,0,2,66,22,22,1,19,0.0,3,0,4.0,0
0.002497918401332223,1200,2.5,18,0,10,0,0,0,1,12,0.0,8,0,0.0,0
0.0005298481102084069,5661,2.5,28,0,16,27,9,8,0,19,0.0,0,0,7.0,0
0.0004329004329004329,6929,3.0,31,0,7,30,10,8,4,11,0.6363636363636364,7,1,7.0,0
0.00031204493447056374,9613,3.0,39,0,1,57,19,18,0,17,0.15,0,3,7.0,0
0.0005286343612334801,5674,2.5,36,0,24,33,11,9,7,15,0.0,2,1,8.0,0
0.0005469462169553327,5484,3.0,32,0,7,39,13,13,1,14,0.2857142857142857,7,1,8.0,0
0.000248714972641353,12061,2.0,38,0,25,57,19,10,3,17,0.0,5,1,1.0,0
0.0005299417064122947,5660,3.0,58,1,1,36,12,5,2,13,0.07692307692307693,0,1,2.0,0
0.0006221484861053505,4821,3.25,31,1,5,18,6,5,0,12,0.0,6,1,3.0,0
0.0004679457182966776,6410,2.0,31,0,2,27,9,2,3,12,0.1,1,0,0.0,0
0.0005757052389176742,5210,1.5,45,0,7,72,24,24,1,18,0.36,2,1,11.0,0
0.001112759643916914,2695,3.0,31,1,2,9,3,2,0,18,0.5,6,1,2.0,0
0.0002525465106490445,11878,2.75,33,0,5,36,12,10,6,11,0.6153846153846154,3,2,8.0,0
0.00017575722069248346,17068,2.75,39,1,10,63,21,21,1,14,0.5,3,0,10.0,0
0.0012214983713355048,2455,2.75,43,0,10,27,9,8,0,19,0.1,2,0,7.0,0
0.00021482277121374866,13964,3.0,49,1,1,75,25,7,7,12,0.0,0,0,7.0,0
0.0006070416835289356,4941,2.0,52,0,8,33,11,8,2,15,0.5833333333333334,6,0,7.0,1
0.0012101653892698668,2478,2.5,27,1,5,12,4,4,1,12,0.2,6,0,2.0,0
0.0005737234652897303,5228,2.75,32,1,8,39,13,13,1,11,0.7857142857142857,7,0,9.0,0
0.0006697923643670462,4478,2.75,27,1,2,15,5,5,1,11,0.0,7,0,4.0,0
0.000397456279809221,7547,3.75,31,0,7,39,13,7,4,12,0.07142857142857142,7,3,7.0,0
0.0005933544303797469,5055,3.0,32,0,2,30,10,7,7,16,0.0,6,0,7.0,0
0.0008658008658008658,3464,2.5,28,1,2,15,5,3,5,13,0.3333333333333333,6,0,2.0,1
0.0005193905817174516,5775,3.75,30,0,28,33,11,10,1,13,0.08333333333333333,6,2,9.0,0
0.0004472271914132379,8943,2.25,31,0,7,40,10,10,1,24,0.7272727272727273,4,1,9.0,0
0.00015565817464847196,19272,2.5,39,0,7,63,21,21,1,15,0.5909090909090909,3,1,3.0,0
0.0005726283641916397,5238,2.75,39,1,3,36,12,1,4,18,0.0,7,0,0.0,1
0.0006406149903907751,4682,2.75,33,0,10,27,9,7,3,14,0.0,7,0,1.0,0
0.00016392546855363094,18300,3.0,47,0,5,63,21,3,4,11,0.045454545454545456,5,1,1.0,0
0.0005705591479650057,5257,2.5,43,0,10,27,9,9,1,11,0.0,2,1,0.0,0
0.00047244094488188977,6349,3.0,27,1,1,18,6,5,0,13,0.14285714285714285,7,1,4.0,0
0.0006160164271047228,4869,3.5,54,0,20,60,20,4,3,12,0.0,6,0,3.0,0
0.0003004205888243541,9985,2.0,43,0,7,30,10,1,8,16,0.0,0,1,0.0,0
0.0008112493239588967,3697,3.0,45,0,8,36,12,10,9,14,0.6923076923076923,6,2,8.0,0
0.0005363368195226602,7457,2.5,40,1,1,24,6,4,2,22,0.0,7,3,2.0,0
0.0014150943396226414,2119,2.0,29,1,8,21,7,7,1,11,0.0,2,0,7.0,1
0.0007530120481927711,3983,2.75,29,0,9,12,4,3,0,17,0.4,2,0,2.0,0
0.0004902761889197581,6118,3.0,30,0,5,30,10,10,1,13,0.09090909090909091,7,3,2.0,0
0.0004827031375703942,6214,2.0,27,0,8,24,8,8,1,18,0.0,7,1,7.0,0
0.0004725897920604915,6347,3.5,37,0,5,24,8,6,7,16,0.0,4,2,4.0,0
0.00026062027625749283,11510,2.75,38,1,15,36,12,11,0,14,0.15384615384615385,5,1,9.0,0
0.00041993281075027993,7143,3.25,31,1,7,33,11,11,1,14,0.3333333333333333,4,0,10.0,0
0.00036280082234853067,8268,2.25,29,1,10,21,7,7,1,14,0.125,7,2,7.0,0
0.00037055335968379444,8095,3.0,35,0,5,51,17,16,0,13,0.0,4,0,13.0,0
0.0010327022375215145,2904,3.25,23,0,26,12,4,4,1,12,0.0,6,2,2.0,0
0.0004972650422675286,6032,3.0,41,1,6,24,8,5,6,15,0.1111111111111111,4,0,2.0,0
0.001007725898555593,2976,2.25,47,0,4,15,5,0,3,19,0.0,8,0,0.0,0
0.00018758206715438003,15992,2.5,42,0,23,48,16,1,2,14,0.0,5,0,0.0,0
0.0006451612903225806,4649,2.75,29,0,2,12,4,4,1,14,0.0,7,1,2.0,0
0.0011123470522803114,2696,3.0,42,1,2,12,4,3,0,11,0.2,1,1,0.0,0
0.0012652889076339097,2370,2.75,32,0,2,24,8,8,1,13,0.0,2,1,7.0,0
0.0003198720511795282,12504,2.25,48,0,29,60,15,0,3,21,0.0,3,1,0.0,0
0.0005020920502092051,5974,2.25,37,1,6,39,13,7,4,13,0.42857142857142855,6,2,7.0,0
0.0006333122229259025,4736,3.0,30,1,25,12,4,2,7,12,0.4,7,1,2.0,0
0.0005663583160279403,5296,2.75,26,0,1,24,8,8,1,17,0.7777777777777778,7,1,7.0,0
0.0005897965202005308,6781,2.25,42,0,2,56,14,1,3,23,0.0,0,0,0.0,0
0.001379310344827586,2174,2.0,21,1,1,9,3,3,1,11,0.25,8,0,2.0,1
0.0004508566275924256,6653,3.25,36,0,1,21,7,1,4,15,0.0,7,0,0.0,0
0.0003092783505154639,9699,2.0,36,0,3,48,16,13,4,11,0.058823529411764705,7,1,12.0,0
0.0004440497335701599,6755,3.25,57,0,1,45,15,3,2,11,0.0625,0,0,2.0,0
0.0013550135501355014,2213,3.5,40,1,10,30,10,7,3,13,0.09090909090909091,2,1,7.0,0
0.0015319800842589046,2610,2.75,21,0,9,12,3,3,1,24,0.5,8,0,2.0,0
0.0010518934081346423,2851,3.0,33,1,5,3,1,1,1,13,0.0,8,0,0.0,1
0.0011584129742253113,3452,2.25,37,0,10,68,17,5,6,20,0.0,2,1,3.0,0
0.0005704506560182544,5258,3.0,46,0,7,21,7,1,2,14,0.0,4,0,0.0,0
0.0003206498503634032,9355,2.25,41,0,4,24,8,8,1,18,0.7777777777777778,7,0,7.0,1
0.0002857959416976279,10496,3.5,50,0,10,60,20,4,6,15,0.047619047619047616,0,0,3.0,0
0.0004701457451810061,6380,2.25,40,1,22,24,8,6,2,12,0.1111111111111111,7,2,0.0,1
0.001128668171557562,2657,2.75,31,1,9,9,3,2,0,16,0.5,6,0,2.0,0
0.001104158998895841,2716,3.25,21,0,12,3,1,1,1,15,0.0,8,0,0.0,1
0.0013623978201634877,2201,3.75,29,0,23,18,6,3,9,16,0.14285714285714285,6,0,2.0,0
0.00045864546705396726,6540,2.5,35,0,9,30,10,1,9,19,0.0,0,0,0.0,0
0.0007859575582918522,3816,2.75,27,0,1,15,5,5,1,11,0.0,2,1,4.0,0
0.0005709935287400076,5253,3.25,28,0,9,21,7,7,1,16,0.0,7,0,7.0,0
0.0003647638154295094,10965,2.5,49,0,7,104,26,5,8,24,0.0,0,0,0.0,0
0.0006076564715414219,4936,3.25,51,0,14,54,18,7,4,11,0.0,7,1,7.0,0
0.0011792452830188679,2543,3.0,36,0,2,18,6,2,4,13,0.2857142857142857,6,1,2.0,0
0.0005655042412818096,5304,2.75,34,1,19,27,9,5,8,13,0.0,7,0,4.0,1
0.0001800720288115246,16659,3.25,55,1,2,90,30,5,2,13,0.03225806451612903,3,0,2.0,0
0.0007040600797934757,4260,3.5,24,1,10,15,5,5,1,12,0.0,7,1,3.0,0
0.0012111425111021397,2476,2.25,30,0,2,3,1,1,1,18,0.0,8,1,0.0,0
0.0012890750886239124,3102,2.5,26,0,3,28,7,6,0,22,0.0,6,0,4.0,1
0.0013363028953229399,2244,2.5,22,0,11,6,2,2,1,13,0.3333333333333333,6,1,2.0,0
0.0003948927208108464,7596,2.25,36,0,2,30,10,10,1,13,0.8181818181818182,7,2,0.0,0
0.0017497812773403325,2285,3.25,30,1,4,12,3,1,9,23,0.0,6,0,0.0,1
0.0009884678747940692,3034,2.75,37,0,14,54,18,18,1,12,0.631578947368421,2,1,14.5,0
0.0005248425472358292,5715,3.0,40,0,2,24,8,5,7,12,0.1111111111111111,7,2,3.0,0
0.0011641443538998836,2576,2.0,42,0,1,24,8,5,3,16,0.1111111111111111,2,1,2.0,0
0.0007146260123868509,4197,3.0,37,1,10,54,18,1,2,12,0.0,4,0,1.0,0
0.0002092487968194183,14336,2.0,43,0,12,75,25,25,1,11,0.11538461538461539,5,1,9.0,0
0.0011597564511452595,3448,2.25,40,0,2,80,20,1,6,22,0.0,2,1,0.0,0
0.0001545833977430824,19406,2.0,54,0,5,72,24,4,4,11,0.04,5,1,2.0,0
0.00045878574705612477,6538,2.5,34,0,4,18,6,3,9,15,0.14285714285714285,7,1,2.0,0
0.0006965405154399814,4306,2.0,31,0,7,39,13,13,1,12,0.21428571428571427,4,1,12.0,0
0.0017706949977866313,2258,3.0,43,0,21,32,8,3,7,20,0.1111111111111111,2,1,2.0,0
0.0006632765863365023,4522,3.25,43,1,8,24,8,5,4,14,0.0,0,0,2.0,0
0.0006684491978609625,4487,2.5,25,1,4,15,5,5,1,11,0.16666666666666666,7,0,3.0,0
0.0006741573033707865,4449,2.25,37,1,25,45,15,13,3,15,0.625,6,2,7.0,0
0.0013519603424966202,2218,2.5,31,0,1,12,4,4,1,12,0.6,2,1,2.0,0
0.0001562662777372643,19197,2.75,39,1,1,63,21,21,1,14,0.045454545454545456,3,1,6.0,0
0.00022704911829259062,13212,3.0,56,0,6,108,36,7,9,11,0.1891891891891892,7,3,7.0,0
0.0004560656734569778,6577,2.5,30,0,12,18,6,5,0,11,0.5714285714285714,7,0,4.0,0
0.00035744072441320146,8392,2.5,41,0,1,30,10,10,1,16,0.0,7,1,7.0,0
0.0006580390436499232,4558,2.75,28,0,17,30,10,10,1,12,0.09090909090909091,2,1,8.0,0
0.000744047619047619,4031,2.0,25,0,3,18,6,2,5,13,0.0,2,1,2.0,1
0.0003764115432873275,7969,3.0,52,1,3,84,28,5,2,14,0.0,4,0,4.0,0
0.0015065913370998117,2654,3.0,45,0,10,32,8,2,3,21,0.0,6,2,2.0,0
0.0001812031891761295,16555,3.75,52,0,4,93,31,5,2,13,0.03125,3,0,4.0,0
0.0006583278472679394,4556,2.25,42,0,29,57,19,5,2,11,0.0,6,1,2.0,0
0.0006565988181221273,6091,2.75,30,0,2,44,11,5,2,20,0.0,4,0,2.0,0
0.00015331936423570297,19566,2.25,60,0,7,99,33,29,5,11,0.3235294117647059,3,0,10.0,0
0.0006235709831635835,4810,3.0,46,0,18,57,19,10,2,14,0.0,4,1,8.0,0
0.000663129973474801,4523,3.5,42,0,28,21,7,6,0,11,0.0,0,3,4.0,0
0.0009366219169528567,3202,2.0,24,1,1,18,6,5,1,16,0.14285714285714285,8,0,4.0,1
0.0012755102040816326,2351,3.0,34,0,6,9,3,2,0,16,0.25,8,1,0.0,1
0.002348796241926013,1702,3.5,38,1,2,4,1,1,1,23,0.0,2,1,0.0,0
0.00016627868307283005,18041,3.25,40,0,2,63,21,20,0,14,0.045454545454545456,3,0,12.0,0
0.0013855213023900243,2886,2.5,26,0,23,12,3,3,1,22,0.0,6,2,2.0,0
0.0014299332697807435,2097,3.25,30,0,3,27,9,5,4,15,0.1,2,1,4.0,0
0.00025134048257372655,11935,2.5,29,0,3,30,10,10,1,18,0.0,5,0,7.0,0
0.001177856301531213,2546,2.25,29,0,25,18,6,2,5,16,0.14285714285714285,6,0,1.0,1
0.0011695906432748538,2564,2.5,19,0,2,3,1,1,1,12,0.0,1,0,0.0,1
0.00035659099013431595,8412,2.5,30,0,22,30,10,9,0,11,0.6363636363636364,7,0,8.0,0
0.00021247963736808557,14118,2.5,57,0,29,96,32,1,3,12,0.0,3,1,0.0,0
0.00017598404411333371,17046,2.25,50,0,29,84,28,27,0,15,0.5172413793103449,3,1,7.0,0
0.0011695906432748538,2564,3.25,30,0,2,36,12,11,0,14,0.46153846153846156,2,0,7.0,0
0.00029219830524982956,10266,2.5,60,0,28,66,22,18,4,19,0.5652173913043478,7,0,11.0,0
0.0005915992900808519,5070,2.75,47,0,2,60,20,5,5,13,0.0,4,3,4.0,0
0.00016795431642593214,17861,2.5,46,0,2,78,26,3,6,13,0.0,5,0,1.0,0
0.0007090522335145356,4230,2.75,35,0,22,18,6,5,0,15,0.5714285714285714,2,0,3.0,0
0.0007934408886537953,3780,3.0,54,0,8,57,19,1,7,11,0.0,2,0,0.0,0
0.0010834236186348862,2768,3.0,34,0,2,42,14,7,3,12,0.3333333333333333,6,1,7.0,0
0.00033068783068783067,9071,3.0,46,1,10,45,15,3,2,19,0.0625,7,1,2.0,0
0.000375622124143112,10648,3.0,31,0,9,52,13,13,1,25,0.0,4,1,8.0,0
0.00022040996253030638,13610,3.0,33,1,15,45,15,7,7,12,0.4375,3,0,7.0,1
0.0008800234672924611,3408,1.75,33,0,10,24,8,4,7,13,0.1111111111111111,2,3,3.0,1
0.0010053619302949062,2983,2.5,30,0,7,12,4,3,0,14,0.2,8,0,2.0,0
0.0003930302633302764,7632,3.25,35,1,16,30,10,8,4,12,0.0,0,0,0.0,0
0.0003053435114503817,9824,2.0,31,0,20,36,12,1,3,12,0.0,0,0,0.0,1
0.00030147723846849563,9950,2.25,34,1,23,33,11,3,9,15,0.0,1,3,2.0,1
0.0014326647564469914,2093,3.0,42,0,5,24,8,2,4,17,0.2222222222222222,2,1,0.0,0
0.00030057108506161706,9980,3.25,36,0,10,30,10,10,1,14,0.8181818181818182,7,0,7.0,0
0.0007702182284980744,3894,2.75,22,0,4,12,4,2,5,16,0.2,2,0,2.0,1
0.0007403751233958539,4051,2.5,48,0,2,42,14,9,2,14,0.4,7,1,7.0,0
0.00023758612497030174,16835,2.5,55,0,18,148,37,10,3,23,0.18421052631578946,3,0,7.0,0
0.00048146364949446316,6230,3.75,41,0,10,48,16,14,7,14,0.058823529411764705,7,0,10.0,0
0.000635862653666808,4717,2.75,35,0,1,45,15,11,9,11,0.375,7,0,9.0,0
0.0002266203353980964,13237,2.75,40,0,6,66,22,20,7,15,0.21739130434782608,4,0,13.0,0
0.0007987220447284345,3755,2.5,39,0,8,24,8,8,1,11,0.0,2,1,7.0,0
0.00045571927692541396,6582,3.0,31,1,2,30,10,6,4,13,0.0,7,0,5.0,0
0.0005400297016335898,7406,3.0,42,1,24,40,10,10,1,21,0.45454545454545453,4,1,8.0,0
0.0006242197253433209,4805,2.75,45,0,2,27,9,8,0,19,0.3,7,1,7.0,0
0.0010940919037199124,2741,2.5,26,1,17,24,8,7,0,11,0.1111111111111111,1,1,0.0,1
0.0007037297677691766,4262,3.25,29,0,19,24,8,3,4,12,0.1111111111111111,4,2,2.0,0
0.00018535681186283596,16184,2.75,33,0,1,30,10,6,4,19,0.0,5,1,5.0,0
0.0003460806367883717,11557,3.0,31,0,7,40,10,5,9,21,0.0,3,1,1.0,0
0.0015965939329430547,1878,2.75,18,1,5,0,0,0,1,14,0.0,8,0,0.0,1
0.0002743986097137108,10932,2.0,40,0,28,60,20,1,3,15,0.0,7,1,1.0,0
0.00044039929536112744,6811,1.75,41,1,2,30,10,8,2,17,0.0,0,0,7.0,0
0.0006965405154399814,4306,2.0,26,0,29,24,8,0,5,12,0.0,7,2,0.0,0
0.0006172839506172839,4859,2.75,35,0,1,15,5,5,1,16,0.0,7,0,3.0,0
0.0005620082427875609,5337,4.0,34,0,21,30,10,10,1,12,0.45454545454545453,7,0,7.0,0
0.0012815036309269544,2340,2.5,26,1,24,3,1,1,1,18,0.0,2,0,0.0,1
0.000400427122263748,7491,3.25,37,0,1,36,12,6,4,17,0.07692307692307693,4,0,2.0,0
0.0002849544072948328,10527,2.75,46,0,18,84,28,2,5,11,0.034482758620689655,0,0,2.0,0
0.00018076644974692697,16595,2.0,41,0,2,66,22,18,7,16,0.4782608695652174,3,1,8.0,0
0.00033955857385398983,8834,2.5,37,0,9,27,9,9,1,13,0.7,7,1,7.0,0
0.0005378271782000717,5577,2.5,52,1,6,54,18,10,3,12,0.3157894736842105,6,2,9.0,0
0.000637213254035684,4707,3.75,32,0,11,18,6,4,8,12,0.14285714285714285,7,0,2.0,1
0.0012494793835901709,2400,3.5,24,0,24,9,3,2,0,13,0.5,8,2,1.0,0
0.0003053435114503817,9824,3.0,38,0,10,54,18,1,3,19,0.0,0,1,0.0,0
0.0004652605459057072,6447,2.25,37,0,1,24,8,6,6,12,0.4444444444444444,4,1,3.0,0
0.00015382248884786957,19502,3.0,49,1,18,93,31,31,1,17,0.0,5,1,9.0,0
0.0011005135730007337,2725,3.0,24,1,23,18,6,6,1,11,0.14285714285714285,6,2,4.0,0
0.000637653435357883,6272,2.5,26,0,28,24,6,5,1,20,0.14285714285714285,7,2,4.0,0
0.0018796992481203006,2127,3.0,24,0,17,4,1,1,1,21,0.0,2,1,0.0,0
0.00016482610845557937,18200,2.25,50,0,3,96,32,32,1,11,0.30303030303030304,3,1,7.0,0
0.001430615164520744,2096,2.75,25,0,13,21,7,7,1,11,0.0,8,0,6.0,0
0.0010391409767925182,2886,2.75,24,1,7,18,6,6,1,16,0.14285714285714285,2,1,2.0,1
0.0014749262536873156,2033,2.0,30,0,12,3,1,1,1,18,0.0,8,1,0.0,1
0.0008280430582390284,3622,3.0,34,1,1,18,6,6,1,13,0.14285714285714285,6,1,3.0,0
0.0007085498346717053,4233,2.25,31,0,13,27,9,3,2,17,0.1,7,0,2.0,1
0.0008147745790331341,3681,2.75,35,0,25,27,9,3,4,14,0.0,2,0,2.0,0
0.0007324665812122322,5460,3.25,31,0,6,52,13,7,4,22,0.35714285714285715,7,2,7.0,0
0.0013711151736745886,2187,2.25,27,0,6,18,6,5,0,12,0.0,6,2,3.0,0
0.00031240237425804435,9602,3.25,37,1,2,51,17,3,4,11,0.05555555555555555,7,1,0.0,0
0.0010574550581600281,2836,3.0,20,0,1,3,1,1,1,13,0.0,6,0,0.0,0
0.0007334963325183374,4089,3.0,42,0,2,30,10,10,1,13,0.18181818181818182,0,2,2.0,0
0.00018041857108491702,16627,2.75,43,1,6,63,21,1,4,14,0.0,5,1,0.0,0
0.0011450381679389313,2619,2.75,38,0,1,24,8,0,3,17,0.0,6,0,0.0,0
0.000528169014084507,5679,3.0,43,1,9,30,10,8,3,13,0.36363636363636365,2,1,7.0,0
0.00019476725313250664,15402,2.0,48,0,1,63,21,3,7,11,0.0,3,1,2.0,0
0.0005011693952555964,5985,2.0,44,0,1,30,10,2,4,11,0.0,1,0,2.0,0
0.0011627906976744186,2579,3.25,34,1,14,24,8,8,1,18,0.0,8,2,6.0,0
0.0009861932938856016,3041,2.25,27,0,2,15,5,4,0,11,0.0,8,1,2.0,1
0.0008700696055684454,3447,3.0,21,0,22,9,3,3,1,11,0.25,8,0,2.0,0
0.00015373577944040177,19513,3.0,44,1,3,78,26,2,4,12,0.0,3,1,1.0,0
0.0014419610670511895,2773,2.75,22,0,6,12,3,2,0,20,0.5,6,0,2.0,0
0.000422237860661506,7104,3.25,33,0,8,18,6,5,0,12,0.14285714285714285,7,0,2.0,0
0.00047445832674363435,6322,3.0,32,1,9,18,6,6,1,12,0.0,6,1,5.0,0
0.0019193857965451055,2083,3.0,30,0,3,4,1,1,1,20,0.0,6,1,0.0,0
0.0004772130756382725,8381,3.0,53,0,1,72,18,14,7,20,0.42105263157894735,7,0,10.0,0
0.001114413075780089,2691,3.25,34,0,1,30,10,10,1,12,0.7272727272727273,6,1,8.0,0
0.0006997900629811056,4286,2.25,45,0,26,15,5,1,2,14,0.0,7,2,0.0,1
0.0011278195488721805,2659,3.25,26,1,6,9,3,3,1,13,0.0,2,1,2.0,0
0.0003179650238473768,9434,3.0,37,0,3,30,10,10,1,15,0.6363636363636364,4,1,8.0,0
0.0005393743257820927,5561,2.25,29,0,3,18,6,6,1,14,0.14285714285714285,7,1,2.0,0
0.00045133142771174966,6646,2.25,35,0,6,51,17,17,1,13,0.6111111111111112,6,0,8.0,0
0.0005177323323841574,7725,3.25,33,0,6,60,15,13,3,23,0.25,0,1,7.0,0
0.00027969420100689915,10725,2.75,54,0,19,48,16,9,2,15,0.4117647058823529,1,1,1.0,0
0.0003390596745027125,8847,2.25,36,1,9,39,13,3,2,11,0.0,4,1,2.0,0
0.001466275659824047,2045,2.75,27,0,3,15,5,4,0,13,0.16666666666666666,6,0,1.0,0
0.0029702970297029703,1009,3.5,20,1,10,3,1,1,1,11,0.5,6,0,1.0,1
0.0008957897879964168,3348,1.5,33,1,3,30,10,10,1,11,0.8181818181818182,6,0,7.0,1
0.00234009360374415,1281,2.75,35,0,3,3,1,1,1,18,0.0,2,2,0.0,0
0.0010638297872340426,2819,1.75,23,0,4,15,5,3,2,16,0.0,6,1,2.0,0
0.0008244023083264633,4851,3.25,25,0,8,16,4,3,0,22,0.2,7,1,2.0,0
0.0009928021841648052,4028,2.75,38,0,7,32,8,7,0,20,0.0,7,0,5.0,0
0.0011025358324145535,2720,2.75,29,0,1,30,10,10,1,18,0.18181818181818182,6,1,8.0,0
0.0003694126339120798,8120,3.0,48,0,2,36,12,2,3,12,0.15384615384615385,7,0,2.0,0
0.0008605851979345956,4647,3.5,27,1,3,24,6,6,1,20,0.0,7,2,4.0,0
0.000640888698995941,4680,3.25,37,0,10,12,4,1,3,17,0.0,6,0,0.0,0
0.000931098696461825,3221,3.5,50,1,28,60,20,20,1,11,0.14285714285714285,2,3,8.0,0
0.0003479471120389701,8621,2.5,34,0,9,27,9,8,1,14,0.7,0,0,7.0,0
0.000655307994757536,4577,2.0,24,0,3,12,4,2,9,14,0.4,7,0,0.0,1
0.0006587615283267457,4553,2.5,39,0,2,60,20,20,1,11,0.5238095238095238,0,0,10.0,0
0.0005558643690939411,5396,3.75,32,0,10,30,10,10,1,12,0.0,7,0,8.0,0
0.00044137119317345886,6796,2.25,50,1,8,54,18,4,3,14,0.05263157894736842,7,1,3.0,1
0.0003933910306845004,7625,3.25,38,0,1,30,10,9,0,13,0.09090909090909091,0,0,8.0,0
0.0004046944556859571,7412,2.75,27,0,1,27,9,9,1,11,0.0,4,0,7.0,0
0.00026881720430107527,11159,3.5,32,0,3,30,10,7,3,15,0.6363636363636364,5,0,7.0,0
0.0006047167909695626,4960,3.0,47,0,14,60,20,7,2,12,0.047619047619047616,7,0,7.0,0
0.00038182512409316535,10475,2.5,40,1,5,80,20,18,5,21,0.047619047619047616,7,1,12.0,0
0.00020249746878164024,14814,3.25,53,0,7,96,32,5,3,19,0.030303030303030304,5,0,3.0,0
0.00015672343537770348,19141,2.5,41,0,10,69,23,21,3,15,0.5,3,3,6.0,0
0.0005549389567147614,5405,2.25,60,0,16,30,10,2,8,14,0.18181818181818182,7,0,2.0,0
0.00045485558335228563,8793,2.75,27,0,10,36,9,9,1,21,0.1,4,2,7.0,0
0.0001563314226159458,19189,2.75,41,0,1,66,22,22,1,12,0.08695652173913043,3,1,10.0,0
0.0007739938080495357,3875,3.25,50,0,8,12,4,2,7,15,0.4,8,1,2.0,0
0.0013531799729364006,2216,2.0,28,1,1,30,10,7,7,13,0.2727272727272727,6,0,7.0,1
0.00025610380740993685,11713,1.75,36,0,8,30,10,8,9,14,0.0,5,1,5.0,0
0.0003815822945815314,7861,3.25,38,1,1,30,10,1,4,14,0.0,4,0,0.0,0
0.0008088433540037746,3708,2.0,44,0,24,27,9,5,2,14,0.1,2,0,4.0,0
0.00021784910318785853,13770,3.5,47,1,3,84,28,22,9,12,0.3793103448275862,7,2,13.0,0
0.0007540056550424129,5304,3.5,30,0,27,40,10,8,7,23,0.6363636363636364,7,1,7.0,0
0.0011350737797956867,2642,3.0,29,0,10,3,1,1,1,11,0.0,8,0,0.0,0
0.0010869565217391304,2759,3.5,42,1,19,21,7,2,6,12,0.25,6,0,2.0,1
0.000440852314474651,6804,3.25,43,0,15,21,7,2,3,18,0.25,7,1,2.0,0
0.0004883607357968419,6142,3.0,34,0,8,30,10,5,3,11,0.36363636363636365,0,0,3.0,0
0.0011995201919232307,2500,2.5,23,0,9,15,5,4,1,14,0.0,2,1,2.0,0
0.00046948356807511736,6389,3.0,39,0,3,36,12,8,9,15,0.23076923076923078,1,1,6.0,0
0.00027017291066282423,11103,3.25,56,0,9,90,30,10,7,11,0.03225806451612903,0,0,1.0,0
0.0017072129748186087,2342,3.5,40,1,2,20,5,4,0,20,0.3333333333333333,6,0,3.0,0
0.00044039929536112744,6811,2.0,27,0,7,27,9,7,8,19,0.0,0,0,7.0,0
0.0013054830287206266,2297,3.25,29,0,10,6,2,2,1,14,0.6666666666666666,8,2,2.0,0
0.0012239902080783353,2450,3.75,53,0,6,57,19,2,2,17,0.1,2,0,2.0,0
0.0005889281507656066,5093,2.25,35,0,2,48,16,1,2,11,0.0,0,1,0.0,0
0.0005649717514124294,5309,3.0,32,0,24,30,10,10,1,15,0.36363636363636365,2,2,7.0,0
0.0009810333551340746,3057,3.0,38,1,2,18,6,1,6,13,0.0,6,1,1.0,0
0.0005857087075361187,5121,2.25,34,0,8,21,7,0,3,14,0.0,4,1,0.0,0
0.0001779676098949991,16856,1.75,52,0,3,102,34,34,1,11,0.02857142857142857,3,0,14.5,0
0.0011164867882396724,2686,3.5,33,1,1,30,10,10,1,13,0.6363636363636364,6,0,8.0,1
0.0006471444750040447,6180,3.0,25,0,26,24,6,6,1,23,0.14285714285714285,7,0,4.0,0
0.0004522840343735866,6632,1.75,45,0,2,27,9,8,0,13,0.3,8,0,1.0,0
0.0008556759840273817,3505,3.0,23,0,10,6,2,2,1,18,0.0,6,0,2.0,0
0.00046889653016567677,6397,3.25,47,1,27,24,8,5,4,12,0.1111111111111111,7,0,3.0,1
0.0006374501992031873,6274,3.5,34,0,2,24,6,6,1,22,0.14285714285714285,7,0,4.0,0
0.00015105740181268882,19859,3.0,55,1,2,72,24,5,5,13,0.04,3,1,4.0,1
0.00039536109646810753,7587,1.5,36,0,8,30,10,10,1,15,0.0,7,0,9.0,0
0.000704390702042733,4258,3.0,52,0,19,15,5,4,0,18,0.16666666666666666,6,1,2.0,0
0.0006872852233676976,4364,1.75,26,0,1,15,5,2,3,14,0.3333333333333333,2,1,0.0,0
0.0006918819188191881,4335,2.25,29,0,27,33,11,8,4,12,0.08333333333333333,0,1,1.0,0
0.0005631687629059508,5326,2.5,26,0,8,18,6,4,6,17,0.14285714285714285,7,0,2.0,1
0.0009143553794574825,3280,3.25,34,0,1,30,10,4,2,16,0.09090909090909091,6,0,3.0,0
0.0005468465184104995,5485,2.5,54,1,19,27,9,5,9,11,0.1,4,2,4.0,0
0.000690766751093714,4342,3.0,27,0,8,15,5,4,0,19,0.16666666666666666,7,1,1.0,0
0.0010779734099892202,2782,2.5,37,1,10,18,6,5,0,13,0.5714285714285714,6,2,3.0,0
0.0005015883631499749,5980,2.5,38,1,2,51,17,15,6,12,0.2222222222222222,4,0,12.0,0
0.0006846188954815153,4381,2.25,34,0,2,18,6,6,1,11,0.14285714285714285,6,0,3.0,0
0.001165954139137194,2572,2.5,35,0,8,9,3,3,1,16,0.0,8,1,2.0,0
0.0010432968179447052,3833,2.75,30,0,1,28,7,2,3,21,0.0,2,2,2.0,0
0.0009422850412249705,4244,3.25,40,0,2,32,8,8,1,24,0.3333333333333333,0,1,7.0,0
0.00046146746654360867,6500,2.25,34,0,8,18,6,3,5,17,0.14285714285714285,7,1,2.0,0
0.00016276924746351257,18430,2.75,42,0,8,72,24,24,1,13,0.56,3,1,9.0,0
0.0024968789013732834,1601,2.75,23,1,6,4,1,0,1,21,0.0,2,2,0.0,1
0.0011131725417439704,2694,2.5,24,0,9,3,1,1,1,11,0.0,2,3,0.0,0
0.0012698412698412698,3149,3.0,52,0,11,36,9,5,8,20,0.1,2,1,4.0,0
0.00017006802721088434,17639,3.25,50,0,2,90,30,4,5,16,0.0,5,0,3.0,0
0.001293103448275862,2319,2.25,29,1,1,3,1,1,1,11,0.0,2,1,0.0,1
0.0002565856996236743,11691,3.25,33,0,7,42,14,13,0,11,0.2,5,0,7.0,0
0.0005633802816901409,5324,2.0,33,0,16,18,6,3,5,15,0.0,7,0,2.0,1
0.0001790724049423984,16752,3.25,47,1,2,78,26,26,1,11,0.1111111111111111,3,1,0.0,0
0.0005737234652897303,5228,2.25,36,0,1,30,10,9,0,15,0.0,4,1,5.0,0
0.001480932987782303,2700,3.25,29,0,23,40,10,10,1,24,0.0,6,1,7.0,0
0.00015586844703070608,19246,3.25,58,1,2,120,40,31,7,12,0.3170731707317073,5,0,8.0,1
0.0011966493817311527,2506,3.5,35,0,1,21,7,2,3,13,0.25,6,0,2.0,0
0.0004948045522018803,6062,3.5,42,1,1,24,8,4,9,13,0.0,4,1,2.0,0
0.0006844626967830253,4382,3.25,28,0,2,15,5,2,6,17,0.3333333333333333,6,0,1.0,1
0.0013992537313432835,2143,2.5,36,0,13,24,8,5,4,13,0.0,1,1,4.0,0
0.00048677592081778357,6162,2.75,32,0,4,42,14,14,1,12,0.4,4,1,8.0,0
0.0005888125613346418,5094,2.5,40,0,16,30,10,1,6,14,0.0,2,0,0.0,0
0.0005815644082582146,6877,2.75,30,1,2,48,12,0,5,24,0.0,4,0,0.0,0
0.0013186813186813187,2274,2.75,45,0,2,3,1,1,1,14,0.0,6,0,0.0,0
0.0006764374295377678,4434,2.75,42,0,29,30,10,9,1,13,0.6363636363636364,4,1,8.0,0
0.0004770233741453331,6288,1.75,38,0,12,39,13,4,2,15,0.07142857142857142,0,1,2.0,0
0.0011746280344557558,2553,3.0,34,0,16,18,6,5,1,16,0.14285714285714285,6,0,3.0,0
0.00039190071848465056,7654,2.75,49,0,11,27,9,9,1,18,0.7,7,2,7.0,1
0.0005812826971517147,5160,3.25,55,0,2,36,12,9,4,16,0.5384615384615384,7,0,3.0,1
0.0002331002331002331,17159,2.25,43,0,14,88,22,4,6,24,0.043478260869565216,5,1,0.0,0
0.0002342103208681396,12808,2.75,27,1,5,27,9,9,1,16,0.0,5,1,8.0,0
0.0003913128546272745,10221,2.75,35,0,7,68,17,8,3,21,0.05555555555555555,4,0,6.0,0
0.0008368200836820083,4779,2.0,28,1,2,32,8,8,1,20,0.7777777777777778,7,0,5.0,0
0.0008025682182985554,3737,3.25,34,0,3,12,4,3,0,19,0.0,1,1,2.0,0
0.0012674271229404308,2366,2.25,26,1,5,24,8,8,1,14,0.1111111111111111,6,1,7.0,1
0.0017574692442882249,1706,3.5,27,0,3,0,0,0,1,11,0.0,6,3,0.0,0
0.0001839587932303164,16307,2.5,51,0,26,87,29,20,2,14,0.13333333333333333,3,1,14.5,0
0.0005055611729019212,5933,3.25,44,0,4,30,10,5,9,12,0.18181818181818182,0,0,3.0,0
0.0008759124087591241,3424,2.25,25,0,2,18,6,4,7,13,0.0,6,0,1.0,0
0.0009905894006934125,4037,1.75,33,0,1,36,9,9,1,22,0.0,7,1,8.0,0
0.001171875,2559,2.5,35,0,27,18,6,6,1,11,0.14285714285714285,6,0,1.0,0
0.0004837149306675266,6201,3.25,36,1,1,54,18,18,1,14,0.21052631578947367,7,1,11.0,0
0.0006811989100817438,4403,3.0,32,0,13,24,8,5,2,11,0.0,7,1,3.0,0
0.0007974481658692185,3761,2.5,30,0,5,30,10,5,9,12,0.0,6,1,3.0,0
0.00027434842249657066,10934,2.75,53,1,7,105,35,5,7,18,0.0,7,1,4.0,0
0.0002787585950566809,10761,2.75,45,1,9,54,18,5,4,12,0.0,7,1,2.0,0
0.000579598145285935,5175,3.25,32,0,8,27,9,5,5,12,0.1,6,1,3.0,0
0.0002892890721053012,13826,3.0,52,0,25,124,31,9,3,22,0.0,4,0,0.0,0
0.00047355958958168905,6334,3.25,37,0,16,27,9,1,4,19,0.0,7,2,0.0,0
0.0006076564715414219,4936,3.0,28,0,8,18,6,5,1,13,0.0,1,1,4.0,0
0.0008375209380234506,4775,2.75,22,0,1,16,4,2,6,22,0.4,4,2,2.0,0
0.001418942887548776,2818,3.0,44,1,8,40,10,3,2,24,0.0,2,1,2.0,0
0.0011923688394276629,2515,3.25,42,1,2,24,8,2,5,14,0.2222222222222222,6,0,2.0,0
0.0017072129748186087,2342,1.75,36,0,8,24,6,5,0,21,0.0,1,0,3.0,0
0.0007151370679380214,4194,2.75,25,1,3,15,5,5,1,18,0.0,7,0,3.0,0
0.0003743215422047539,10685,2.75,35,1,9,68,17,17,1,20,0.2777777777777778,4,1,14.5,0
0.0014829461196243204,2022,2.5,35,1,25,30,10,10,1,19,0.6363636363636364,6,1,8.0,1
0.0012958963282937365,2314,3.25,32,0,1,12,4,3,0,12,0.0,2,1,2.0,0
0.0007047216349541931,4256,1.75,25,0,4,15,5,5,1,12,0.0,7,0,3.0,0
0.0008377548170901983,3580,2.25,49,0,1,21,7,4,2,16,0.0,6,1,2.0,0
0.0009484666455896301,3162,2.75,24,0,4,18,6,5,0,17,0.42857142857142855,2,0,4.0,0
0.0004597701149425287,6524,2.75,32,0,5,30,10,10,1,14,0.45454545454545453,7,1,3.0,0
0.0010344827586206897,2899,2.5,38,0,9,9,3,2,0,19,0.25,8,1,2.0,0
0.0005733944954128441,5231,3.25,42,1,3,51,17,5,2,13,0.05555555555555555,2,1,3.0,0
0.0012728044123886295,2356,3.25,31,1,11,24,8,6,3,19,0.0,6,1,2.0,0
0.0010710460549803642,2800,2.5,29,1,1,15,5,3,6,19,0.0,8,3,2.0,1
0.0002534425952521754,11836,2.75,53,0,8,84,28,2,5,14,0.06896551724137931,7,1,2.0,0
0.0002751283932501834,10903,2.25,35,0,25,48,16,13,3,16,0.23529411764705882,4,0,8.0,0
0.0010087424344317419,2973,3.0,37,0,21,30,10,5,5,15,0.0,8,1,0.0,0
0.00021014289717007564,14275,3.5,53,0,23,99,33,12,6,18,0.08823529411764706,5,0,8.0,0
0.0005392773683264426,5562,3.25,43,0,1,36,12,5,4,13,0.15384615384615385,0,1,2.0,0
0.0008814455707360071,4537,2.75,47,1,2,32,8,7,0,22,0.7777777777777778,7,1,7.0,0
0.0003925160277377993,7642,2.5,37,1,19,30,10,10,1,13,0.0,7,0,9.0,0
0.00016736401673640169,17924,2.25,50,0,2,93,31,31,1,11,0.4375,3,1,7.0,0
0.0005763688760806917,5204,3.25,39,0,2,39,13,5,8,11,0.0,1,2,4.0,0
0.0013169446883230904,2277,3.0,33,1,3,21,7,4,3,11,0.0,1,1,3.0,0
0.001430615164520744,2795,2.75,32,1,25,4,1,1,1,24,0.0,2,0,1.0,1
0.0011843663639952626,2532,2.5,29,0,7,24,8,4,6,14,0.0,2,3,3.0,0
0.001171875,2559,2.5,44,1,9,24,8,8,1,13,0.7777777777777778,6,0,1.0,0
0.0006111224281931147,4908,2.5,28,0,5,12,4,4,1,14,0.0,7,0,2.0,0
0.00125997480050399,2380,3.5,58,1,2,9,3,1,9,14,0.0,2,1,0.0,1
0.000839278220730172,4765,2.25,43,0,8,16,4,1,4,21,0.0,4,1,0.0,0
0.001466992665036675,2044,3.0,20,0,2,6,2,2,1,13,0.0,8,0,2.0,1
0.0011135857461024498,2693,3.0,21,0,18,3,1,1,1,19,0.0,6,0,0.0,1
0.0004554425383330803,6586,2.75,36,1,14,51,17,16,0,17,0.2222222222222222,0,1,11.0,0
0.0009104704097116844,3294,2.75,47,1,2,9,3,3,1,18,0.25,8,0,2.0,0
0.0007190795781399808,4171,2.25,22,1,3,12,4,3,0,19,0.0,4,1,2.0,1
0.0010795250089960418,2778,2.5,41,1,2,30,10,7,4,13,0.09090909090909091,2,1,0.0,1
0.001261564339781329,2377,2.75,28,0,9,18,6,2,5,18,0.2857142857142857,6,1,2.0,0
0.0016632016632016633,2404,3.0,39,1,6,32,8,2,7,21,0.2222222222222222,2,0,2.0,1
0.00129366106080207,2318,2.75,27,0,4,3,1,1,1,19,0.0,6,0,0.0,0
0.0014932802389248383,2008,2.25,34,0,10,3,1,1,1,14,0.5,2,2,0.0,0
0.00048038430744595676,6244,2.25,42,0,14,30,10,5,7,17,0.0,7,0,3.0,0
0.0010714285714285715,2799,2.0,33,1,1,18,6,3,3,11,0.0,6,0,2.0,0
0.0002842793518430778,10552,2.75,58,1,5,72,24,6,2,13,0.0,0,1,4.0,0
0.0012875536480686696,2329,2.25,31,0,7,39,13,7,3,15,0.35714285714285715,8,0,2.0,0
0.00099626400996264,4014,3.75,35,1,21,40,10,10,1,25,0.0,0,1,7.0,0
0.0004051863857374392,7403,2.25,49,0,8,87,29,26,4,11,0.03333333333333333,2,1,7.0,0
0.001327433628318584,2259,2.75,48,0,20,39,13,0,4,17,0.0,6,2,0.0,0
0.00043271311120726956,6932,3.5,31,0,20,27,9,9,1,13,0.0,7,1,0.0,0
0.0006411626415900834,4678,3.0,36,0,7,24,8,6,2,18,0.0,6,0,1.0,0
0.00022086431568872855,13582,2.5,38,0,1,45,15,15,1,13,0.3125,5,1,11.0,0
0.0017145306472353193,2332,2.5,32,0,1,20,5,3,6,20,0.0,2,0,2.0,0
0.0012427506213753107,2413,2.5,25,1,19,3,1,1,1,18,0.0,8,3,0.0,1
0.0003090871625798475,9705,1.75,40,0,10,33,11,1,2,12,0.0,7,1,0.0,0
0.0006984866123399302,4294,2.0,26,0,1,21,7,7,1,12,0.0,7,0,7.0,0
0.0006353240152477764,4721,2.75,41,1,6,60,20,18,2,13,0.09523809523809523,2,0,14.5,0
0.0015873015873015873,2519,3.0,36,0,2,64,16,11,4,21,0.17647058823529413,2,0,9.0,0
0.001413760603204524,2121,2.5,19,1,21,3,1,1,1,13,0.0,8,0,0.0,1
0.0010087424344317419,2973,1.75,20,0,4,3,1,1,1,19,0.0,2,0,0.0,1
0.0005122950819672131,5855,3.5,31,1,12,30,10,9,0,11,0.7272727272727273,0,2,5.0,0
0.0008291873963515755,3617,3.25,40,1,9,9,3,1,8,14,0.0,6,1,0.0,0
0.00044603033006244426,6725,2.5,32,0,3,24,8,8,1,12,0.6666666666666666,4,1,3.0,0
0.0002905287623474724,10325,2.5,36,1,3,48,16,16,1,11,0.17647058823529413,7,1,7.0,1
0.0004316546762589928,6949,2.25,33,0,1,18,6,5,0,14,0.14285714285714285,0,0,4.0,0
0.0002827521206409048,10609,2.25,37,0,1,51,17,14,5,11,0.6111111111111112,7,0,7.0,1
0.0006744604316546763,4447,2.5,45,0,4,27,9,9,1,12,0.0,2,0,8.0,0
0.0013901760889712697,2157,3.0,29,0,20,9,3,3,1,15,0.0,8,1,2.0,0
0.000651890482398957,4601,2.75,35,0,18,15,5,5,1,16,0.16666666666666666,7,0,0.0,0
0.00017543859649122806,17099,3.25,52,0,1,78,26,9,2,15,0.25925925925925924,3,1,8.0,0
0.0016129032258064516,2479,2.75,58,0,2,28,7,1,4,24,0.0,6,0,0.0,1
0.00020197939810139365,14852,3.0,53,0,2,66,22,17,6,13,0.6521739130434783,3,1,2.0,0
0.00041293874741913283,7264,2.5,30,0,8,30,10,8,5,11,0.6363636363636364,7,1,7.0,0
0.0005293806246691371,5666,3.0,38,1,10,18,6,5,1,13,0.14285714285714285,7,0,3.0,0
0.0003834355828220859,7823,3.25,35,0,3,36,12,10,6,13,0.0,7,1,8.0,0
0.00038066235249333843,7880,3.0,39,0,2,27,9,8,0,18,0.0,7,0,7.0,0
0.0002273588480485032,13194,3.0,40,1,24,66,22,1,4,16,0.0,7,0,0.0,1
0.0005919494869771113,5067,3.25,47,1,16,60,20,19,1,19,0.09523809523809523,4,0,7.0,0
0.0005905511811023622,5079,3.0,36,0,8,36,12,7,4,13,0.0,7,2,7.0,0
0.0017226528854435831,2321,1.75,31,1,9,16,4,3,0,22,0.2,6,0,2.0,1
0.00017196904557179707,17444,3.5,33,0,17,30,10,10,1,11,0.5454545454545454,3,0,0.0,0
0.0016632016632016633,2404,2.5,29,1,10,12,3,0,6,20,0.0,6,0,0.0,1
0.0008688097306689834,3452,2.5,33,0,13,15,5,3,3,18,0.0,6,0,2.0,0
0.001321003963011889,2270,3.75,45,0,1,24,8,5,3,14,0.0,2,2,2.0,0
0.00022988505747126436,17399,3.5,50,0,1,128,32,5,9,22,0.030303030303030304,5,1,3.0,0
0.0005465476407360175,5488,2.5,33,1,1,18,6,6,1,13,0.14285714285714285,0,1,2.0,0
0.0001544799176107106,19419,2.25,41,0,9,63,21,18,2,17,0.0,5,1,11.0,0
0.0010668563300142249,2811,2.5,27,0,16,12,4,2,9,14,0.4,2,1,2.0,0
0.000825536598789213,3633,2.75,45,1,23,27,9,9,1,15,0.0,2,1,8.0,0
0.0007204610951008645,4163,3.5,47,1,4,27,9,9,1,17,0.0,7,0,7.0,0
0.0014064697609001407,2132,2.25,30,1,22,21,7,5,4,11,0.0,6,0,1.0,1
0.00021468441391155003,13973,3.5,50,1,24,66,22,12,3,18,0.043478260869565216,4,1,5.0,0
0.0011173184357541898,2684,2.75,38,0,10,9,3,2,0,17,0.0,6,1,2.0,0
0.0002765996680803983,10845,3.0,46,0,7,39,13,8,6,13,0.0,4,1,7.0,0
0.0006852444038373687,4377,2.75,24,0,17,15,5,4,1,15,0.5,4,2,2.0,0
0.0010683760683760685,3743,2.75,35,1,14,20,5,4,1,24,0.0,2,1,2.0,1
0.0007230657989877079,4148,2.5,31,0,1,12,4,4,1,12,0.0,4,1,3.0,0
0.0028517110266159697,1051,3.25,18,0,5,0,0,0,1,15,0.0,6,0,0.0,0
0.00027932960893854746,10739,3.0,54,0,17,66,22,10,8,11,0.0,4,1,8.0,0
0.00028876696505919725,10388,3.0,35,1,25,48,16,16,1,11,0.5882352941176471,0,1,1.0,0
0.0002627660506262591,11416,2.5,30,1,8,27,9,8,0,12,0.1,5,3,7.0,0
0.0011534025374855825,2600,2.0,20,1,11,3,1,1,1,15,0.0,6,0,0.0,1
0.0012381345439537762,2422,2.0,30,0,5,12,4,3,0,17,0.2,2,0,2.0,1
0.0005481454412570802,5472,3.5,26,0,2,24,8,8,1,12,0.1111111111111111,4,0,3.0,0
0.0012234910277324632,2451,1.25,22,0,8,12,4,4,1,15,0.2,2,1,1.0,0
0.0007073803348266918,4240,2.5,48,0,6,57,19,2,2,13,0.1,0,0,2.0,0
0.00027272727272727274,10999,2.5,48,0,4,81,27,15,7,14,0.14285714285714285,0,0,8.0,0
0.0005995203836930455,5003,3.0,41,0,7,24,8,2,6,14,0.2222222222222222,4,0,1.0,0
0.00023542336969316487,12742,3.25,39,0,1,63,21,21,1,16,0.5,4,1,8.0,0
0.0007095553453169347,4227,2.5,27,0,2,12,4,3,0,18,0.4,4,1,2.0,0
0.0010209290454313426,3917,2.5,35,0,10,12,3,3,1,20,0.25,2,1,2.0,0
0.0001638986013986014,18303,3.0,42,0,5,63,21,1,6,13,0.0,3,0,0.0,0
0.00125997480050399,2380,2.5,50,0,9,24,8,1,4,18,0.0,2,0,0.0,0
0.0002185473883587091,13726,2.5,59,1,2,90,30,5,3,13,0.12903225806451613,4,0,3.0,0
0.0006278777731268313,4777,1.25,37,0,11,45,15,1,5,15,0.0,0,0,0.0,1
0.0004697776385844034,6385,3.0,55,1,18,51,17,8,3,14,0.3333333333333333,0,2,7.0,0
0.00020026033843997197,19973,2.0,41,0,7,84,21,21,1,22,0.22727272727272727,5,2,10.0,0
0.0004371903235208394,6861,3.0,38,1,3,57,19,1,8,12,0.0,7,0,0.0,0
0.0006036217303822937,4969,2.0,26,0,29,21,7,2,8,18,0.25,7,0,2.0,1
0.0001511639625113373,19845,2.5,52,0,2,99,33,32,1,15,0.17647058823529413,3,1,9.0,1
0.00022520831769386684,13320,3.75,44,1,28,69,23,12,3,18,0.4583333333333333,7,1,11.0,0
0.0004725897920604915,6347,2.75,50,0,1,57,19,18,0,12,0.0,7,1,13.0,0
0.0010932944606413995,2743,2.75,36,0,16,54,18,17,1,16,0.7894736842105263,2,0,14.0,1
0.00027570995312930797,10880,2.75,39,1,22,63,21,21,1,13,0.09090909090909091,4,0,8.0,0
0.0012804097311139564,2342,3.0,33,0,8,9,3,2,0,19,0.5,8,0,2.0,0
0.00016996204181066228,17650,3.25,45,0,11,78,26,9,3,13,0.037037037037037035,3,1,1.0,0
0.0007451564828614009,4025,3.0,32,0,29,30,10,8,9,12,0.6363636363636364,2,0,7.0,0
0.00030845157310302283,9725,3.5,34,0,1,48,16,15,0,11,0.0,7,1,9.0,0
0.000251994960100798,11904,3.0,59,1,1,42,14,6,3,14,0.0,3,1,4.0,0
0.0013774104683195593,2177,2.0,45,0,24,18,6,6,1,16,0.0,1,0,4.0,0
0.0003986181238373638,7525,2.0,53,0,2,90,30,15,2,12,0.1935483870967742,7,1,12.0,0
0.0006204756980351603,4834,2.25,36,0,15,27,9,1,7,14,0.0,2,1,0.0,1
0.0014684287812041115,2042,1.75,26,1,2,18,6,3,6,14,0.14285714285714285,6,1,2.0,1
0.0013507429085997298,2220,3.25,34,1,10,3,1,1,1,19,0.0,8,1,0.0,0
0.003798670465337132,1052,2.75,28,0,10,4,1,1,1,22,0.0,8,0,0.0,0
0.0010630758327427356,2821,2.5,38,0,3,24,8,2,3,16,0.2222222222222222,6,1,2.0,0
0.00015594136604636657,19237,3.0,50,1,2,87,29,8,2,11,0.23333333333333334,5,1,7.0,0
0.0007302823758519961,4107,2.5,37,0,3,24,8,4,3,15,0.0,0,0,1.0,0
0.0003572704537334762,8396,2.25,40,0,26,24,8,7,1,14,0.7777777777777778,7,1,5.0,0
0.00149402390438247,2007,2.25,26,0,1,15,5,5,1,13,0.16666666666666666,6,2,3.0,0
0.00015284287752190747,19627,3.75,46,0,1,69,23,2,9,17,0.08333333333333333,5,2,2.0,0
0.00028071488724618694,10686,2.5,54,0,2,39,13,9,6,11,0.5,7,1,0.0,0
0.0010193679918450561,2942,2.25,56,0,9,54,18,5,2,19,0.0,6,1,3.0,0
0.0003386386725364037,8858,3.0,36,0,12,45,15,14,0,11,0.4375,4,0,8.0,0
0.0001790296592468819,16756,2.0,55,0,2,93,31,9,7,15,0.1875,3,0,2.0,0
0.0002778035003241041,10798,3.0,43,0,25,54,18,1,5,13,0.0,7,1,0.0,0
0.0012908777969018934,2323,3.25,20,1,9,6,2,2,1,14,0.0,8,0,2.0,1
0.002117148906139732,1416,1.75,21,0,10,3,1,1,1,13,0.5,2,0,0.0,1
0.0008665511265164644,4615,2.0,46,1,8,76,19,16,8,23,0.05,6,3,7.0,0
0.0012185215272136475,2461,2.5,51,1,4,54,18,10,9,12,0.10526315789473684,6,3,7.0,1
0.00034391837670526195,8722,1.5,28,0,24,30,10,10,1,12,0.09090909090909091,0,0,9.0,1
0.0007583417593528817,3955,1.25,26,0,1,18,6,5,1,16,0.14285714285714285,2,2,3.0,0
0.0003012653143201446,9957,2.5,30,0,20,21,7,6,0,15,0.0,4,1,2.0,0
0.0008883624518803672,3376,3.0,41,0,7,30,10,10,1,13,0.0,6,0,8.0,0
0.0003399818676337262,8823,2.25,38,0,17,60,20,19,0,18,0.047619047619047616,0,1,9.0,0
0.00038748425845200037,10322,3.0,40,0,20,56,14,11,4,20,0.7333333333333333,0,1,1.0,0
0.0006490696668109044,4621,2.25,27,0,8,9,3,3,1,19,0.25,2,3,2.0,0
0.00027329871549603714,10976,2.75,55,0,2,69,23,3,3,18,0.041666666666666664,4,1,2.0,0
0.0008194482381862879,3660,3.25,28,0,10,30,10,8,3,13,0.09090909090909091,6,0,7.0,0
0.0002861776209100448,10482,2.25,44,0,1,72,24,20,9,14,0.12,1,1,6.0,1
0.0004213483146067416,7119,3.25,33,0,5,27,9,3,4,15,0.1,0,1,2.0,0
0.0004174058228112282,9582,2.25,35,1,4,36,9,8,0,22,0.4,7,0,7.0,1
0.0008871146595697493,4508,2.0,33,0,29,56,14,13,1,22,0.2,6,0,8.0,1
0.001358695652173913,2207,2.75,28,0,15,12,4,4,1,16,0.4,2,1,2.0,0
0.00038674745391259507,7756,2.75,34,0,3,21,7,6,0,17,0.0,0,0,4.0,0
0.00044809559372666166,6694,3.25,37,1,10,24,8,1,2,14,0.0,7,3,0.0,0
0.0008125677139761647,3691,3.25,25,1,4,21,7,7,1,15,0.625,2,1,6.0,1
0.001682085786375105,2377,2.5,26,0,21,4,1,1,1,20,0.0,2,1,0.0,1
0.001728608470181504,2313,1.75,33,1,25,20,5,2,4,20,0.3333333333333333,6,0,2.0,1
0.00016981772897090456,17665,3.0,42,0,2,69,23,22,0,17,0.5416666666666666,3,1,7.0,0
0.0011551790527531767,2596,1.5,28,0,1,3,1,1,1,15,0.0,2,2,0.0,1
0.0006343835906111228,4728,3.5,50,1,1,15,5,0,3,14,0.0,7,0,0.0,1
0.0006971880083662561,4302,3.0,33,0,7,12,4,3,0,17,0.0,7,1,2.0,0
0.0010067114093959733,2979,3.25,34,0,3,18,6,0,3,17,0.0,6,3,0.0,0
0.00023688262465948123,16885,3.0,48,0,1,108,27,5,2,22,0.07142857142857142,3,0,1.0,0
0.0005362888809438684,5593,2.75,45,0,9,45,15,15,1,13,0.25,7,1,12.0,0
0.0002871912693854107,10445,2.75,52,0,7,54,18,8,7,19,0.21052631578947367,0,0,0.0,0
0.000343210159020707,8740,2.5,38,1,10,27,9,8,0,14,0.2,7,2,7.0,0
0.0015904572564612327,2514,2.75,29,0,28,44,11,7,4,22,0.08333333333333333,6,1,7.0,0
0.00039184952978056425,7655,2.75,28,0,3,30,10,9,0,17,0.09090909090909091,4,3,7.0,0
0.00017176228100309173,17465,2.75,46,0,3,69,23,12,3,12,0.16666666666666666,3,1,9.0,0
0.00040805223068552776,7351,3.0,38,0,2,30,10,1,7,16,0.0,7,0,0.0,0
0.0002772387025228722,10820,2.5,43,0,27,54,18,8,8,11,0.0,4,1,1.0,0
0.00024650780608052587,12169,3.0,39,0,2,63,21,18,7,11,0.5,0,3,5.0,1
0.00015285066490039231,19626,2.25,40,0,14,63,21,20,1,14,0.18181818181818182,5,0,9.0,0
0.0014485755673587638,2070,2.75,21,1,1,6,2,2,1,11,0.6666666666666666,6,0,2.0,0
0.0004422821760283061,6782,2.75,39,0,9,27,9,5,9,15,0.0,2,0,3.0,0
0.0005141388174807198,7779,2.25,36,0,18,72,18,11,2,20,0.0,4,0,9.0,0
0.0010744985673352436,2791,3.0,31,0,20,9,3,2,0,12,0.5,8,1,2.0,0
0.0009369144284821987,3201,1.5,28,0,2,18,6,5,0,17,0.0,6,0,4.0,0
0.0006037432078889113,4968,3.75,35,0,11,15,5,5,1,11,0.0,7,1,2.0,0
0.00022864110967151893,13120,2.5,49,0,8,66,22,9,6,17,0.08695652173913043,7,1,3.0,0
0.0007436787307882995,4033,3.5,34,0,2,15,5,3,2,11,0.0,4,0,2.0,0
0.0009113001215066828,3291,3.25,29,0,10,24,8,7,0,14,0.1111111111111111,6,2,1.0,0
0.0007020828457758015,4272,2.0,42,0,29,48,16,1,4,19,0.0,2,0,0.0,0
0.0005932370970931383,5056,2.75,29,1,8,30,10,10,1,15,0.09090909090909091,4,1,2.0,0
0.001054481546572935,2844,3.5,38,0,1,21,7,7,1,13,0.625,1,1,0.0,0
0.0011094674556213018,2703,3.0,28,1,6,9,3,3,1,14,0.0,6,1,2.0,0
0.0015748031496062992,1904,3.25,18,0,8,0,0,0,1,12,0.0,2,0,0.0,1
0.000364741641337386,8224,1.5,33,1,9,18,6,5,0,17,0.0,7,0,3.0,1
0.0006293266205160479,4766,2.5,41,1,12,18,6,1,3,11,0.0,2,1,0.0,0
0.0011489850631941786,2610,3.0,31,0,15,6,2,2,1,12,0.6666666666666666,2,1,2.0,1
0.00052337752965806,5731,3.0,37,0,25,27,9,6,7,13,0.1,0,2,3.0,0
0.0011811023622047244,2539,3.0,27,0,6,12,4,4,1,13,0.4,6,1,2.0,0
0.0006999125109361329,5714,2.25,34,0,9,24,6,6,1,20,0.14285714285714285,7,0,3.0,0
0.0006938020351526364,4323,2.75,35,0,8,18,6,5,1,17,0.14285714285714285,1,0,4.0,0
0.0004088864658579801,7336,2.0,29,0,23,33,11,11,1,13,0.25,7,1,10.0,1
0.00022222222222222223,13499,2.75,40,0,9,60,20,18,9,17,0.09523809523809523,5,0,13.0,0
0.0002180391016789011,13758,2.25,42,1,12,66,22,21,0,12,0.5652173913043478,7,0,14.0,1
0.0005818463925523662,5155,2.5,42,0,4,27,9,6,7,13,0.1,7,0,5.0,0
0.0013280212483399733,2258,2.75,35,0,1,30,10,8,6,12,0.09090909090909091,2,1,7.0,0
0.0011117287381878821,3597,3.25,24,0,24,24,6,4,8,22,0.14285714285714285,2,0,2.0,0
0.0011923688394276629,2515,3.5,28,1,12,3,1,1,1,11,0.0,2,0,0.0,1
0.0009047726758651889,4420,2.75,26,0,3,32,8,8,1,22,0.0,2,1,7.0,0
0.00045599635202918376,6578,2.25,30,0,10,30,10,10,1,18,0.09090909090909091,7,1,4.0,0
0.0006782726656115759,4422,3.25,40,1,26,48,16,1,3,13,0.0,6,1,0.0,0
0.00029197080291970805,10274,2.25,35,0,2,45,15,7,2,18,0.375,4,1,4.0,0
0.0007485029940119761,5343,2.5,34,0,1,56,14,13,0,20,0.26666666666666666,0,0,9.0,0
0.0012620950778291964,2376,3.0,35,0,4,6,2,2,1,13,0.6666666666666666,2,1,2.0,0
0.0005610622779128483,5346,1.75,43,0,9,21,7,4,8,13,0.125,7,0,3.0,1
0.0010608203677510608,2827,2.5,32,0,2,3,1,1,1,12,0.0,8,3,0.0,0
0.00015042117930204573,19943,3.0,56,0,4,84,28,5,4,13,0.13793103448275862,3,1,2.0,0
0.0009578544061302681,3131,2.5,29,0,6,30,10,10,1,13,0.0,2,1,8.0,0
0.0015667841754798276,2552,2.5,19,0,9,4,1,1,1,25,0.0,6,0,0.0,0
0.0006699419383653417,4477,2.5,45,1,7,21,7,3,4,19,0.0,6,1,2.0,0
0.0004633204633204633,6474,3.0,37,0,1,42,14,14,1,13,0.2,4,1,11.0,0
0.000988793671720501,3033,1.75,20,0,3,6,2,2,1,12,0.3333333333333333,2,0,2.0,0
0.0010214504596527069,2936,3.0,44,1,10,18,6,6,1,11,0.0,6,0,2.0,1
0.00016122964475734938,18606,3.0,53,0,7,78,26,7,3,18,0.14814814814814814,3,1,7.0,0
0.0013831258644536654,2168,2.0,29,1,15,18,6,5,0,18,0.14285714285714285,6,1,3.0,0
0.001051156271899089,2853,2.75,22,1,3,3,1,0,0,11,0.0,6,1,0.0,1
0.00023461786615050736,17048,2.0,46,0,2,112,28,26,8,23,0.5172413793103449,3,0,9.0,0
0.0013094718463553033,2290,3.0,44,0,17,18,6,0,2,13,0.0,6,0,0.0,0
0.0008331019161344071,3600,3.0,33,0,2,15,5,5,1,13,0.16666666666666666,1,1,4.0,0
0.0014231499051233396,2107,1.25,41,0,5,15,5,1,6,17,0.0,6,1,0.0,1
0.0007288629737609329,4115,2.5,30,0,29,24,8,4,8,19,0.0,7,3,3.0,0
0.0006931608133086876,4327,2.75,40,0,2,15,5,0,5,12,0.0,7,3,0.0,0
0.00022400179201433613,17856,2.75,50,0,2,128,32,2,2,22,0.06060606060606061,3,1,2.0,0
0.0009383797309978105,3196,2.5,28,0,19,18,6,6,1,12,0.42857142857142855,2,3,3.0,0
0.00015721622471439052,19081,2.5,46,0,15,75,25,4,5,11,0.0,5,1,3.0,0
0.00033456005352960856,8966,2.75,35,1,17,45,15,7,3,15,0.0625,7,3,7.0,0
0.0013568521031207597,2210,2.5,24,0,17,3,1,1,1,13,0.0,2,1,0.0,1
0.0006607929515418502,4539,2.25,33,0,25,30,10,10,1,12,0.0,7,1,1.0,0
0.0010940919037199124,2741,2.5,36,0,6,21,7,7,1,14,0.125,2,1,7.0,0
0.000859106529209622,3491,2.5,30,0,7,30,10,10,1,13,0.7272727272727273,2,3,9.0,0
0.0008806693086745927,4541,3.25,44,0,29,80,20,20,1,25,0.6190476190476191,6,0,14.5,0
0.0011198208286674132,2678,3.75,20,0,21,6,2,2,1,17,0.6666666666666666,8,0,2.0,0
0.0004065040650406504,7379,3.5,46,0,2,36,12,6,2,11,0.07692307692307693,4,1,4.0,0
0.00047824007651841227,6272,2.5,42,0,2,30,10,4,7,16,0.0,1,1,3.0,0
0.0005746025665581306,5220,3.0,60,1,7,36,12,11,0,18,0.07692307692307693,7,1,9.0,0
0.0014577259475218659,2743,2.5,32,0,13,8,2,2,1,20,0.6666666666666666,2,1,2.0,0
0.000600120024004801,4998,3.5,32,1,2,30,10,8,4,14,0.0,6,0,7.0,0
0.00039012971813127864,10252,2.0,36,1,1,68,17,7,2,21,0.3888888888888889,4,1,7.0,0
0.0010783608914450035,2781,2.5,33,0,9,45,15,14,0,13,0.25,6,1,10.0,0
0.00043776448270830295,6852,2.0,40,0,10,21,7,5,7,12,0.125,7,1,3.0,0
0.000605938194304181,4950,3.0,25,0,10,15,5,4,0,14,0.16666666666666666,7,0,1.0,0
0.0011173184357541898,3579,2.5,30,1,1,48,12,11,0,21,0.38461538461538464,6,1,7.0,0
0.00022741055184960583,13191,2.0,42,1,26,60,20,1,3,17,0.0,5,0,0.0,0
0.00028907303912121797,10377,2.75,35,1,8,48,16,13,4,11,0.23529411764705882,7,1,12.0,0
0.0013416815742397137,2235,2.25,27,1,14,27,9,9,1,14,0.6,6,2,8.0,0
0.00028563267637817766,10502,2.75,54,0,1,99,33,5,7,17,0.029411764705882353,4,1,4.0,0
0.0014910536779324055,2011,3.25,44,0,2,30,10,10,1,13,0.6363636363636364,6,1,7.0,0
0.002150537634408602,1859,1.75,19,1,10,4,1,1,1,25,0.0,6,0,0.0,1
0.0007976601967561818,3760,2.25,29,0,1,9,3,3,1,15,0.25,6,3,2.0,0
0.0001687289088863892,17779,3.0,54,0,3,108,36,10,3,14,0.0,5,0,9.0,0
0.0004389815627743635,6833,2.75,31,1,11,18,6,6,1,12,0.0,0,0,1.0,0
0.00044033465433729633,6812,2.0,31,0,24,30,10,10,1,19,0.09090909090909091,0,0,8.0,0
0.000580046403712297,5171,3.25,59,0,3,39,13,6,5,17,0.0,7,0,5.0,0
0.0001519679854110734,19740,2.5,43,0,3,75,25,8,3,14,0.0,5,1,7.0,0
0.0001603249251817016,18711,2.25,49,0,4,69,23,1,2,13,0.0,3,1,0.0,0
0.0008123476848090983,3692,2.75,36,0,3,36,12,11,1,12,0.0,6,0,7.0,0
0.001171875,2559,3.25,48,0,2,21,7,1,5,11,0.0,2,0,0.0,0
0.0011914217633042098,2517,2.25,27,0,4,15,5,5,1,11,0.0,6,3,3.0,0
0.0004528985507246377,6623,3.0,29,1,7,18,6,6,1,11,0.14285714285714285,0,2,0.0,0
0.000164239570787255,18265,3.25,48,0,1,75,25,1,6,12,0.0,5,0,0.0,0
0.00018604651162790697,16124,3.0,29,0,1,27,9,7,3,14,0.1,5,2,7.0,0
0.001160092807424594,2585,3.5,34,0,20,6,2,1,0,17,0.0,6,0,0.0,0
0.00016470846601515318,18213,2.5,44,0,5,78,26,22,7,11,0.1111111111111111,3,1,10.0,0
0.0003579525116334566,8380,3.75,33,1,10,30,10,9,0,14,0.0,7,2,8.0,0
0.001001669449081803,2994,3.5,19,1,25,3,1,1,1,12,0.0,6,0,1.0,0
0.0032679738562091504,1223,3.5,23,0,1,4,1,1,1,22,0.0,6,1,1.0,0
0.002680965147453083,1118,3.0,25,1,24,3,1,1,1,14,0.5,8,0,0.0,1
0.0013908205841446453,2875,3.0,26,1,4,32,8,8,1,20,0.2222222222222222,6,0,2.0,0
0.00015936254980079682,18824,1.25,45,1,2,78,26,24,2,16,0.037037037037037035,3,0,11.0,1
0.0002209456473707468,13577,3.0,55,1,8,102,34,33,1,15,0.42857142857142855,0,1,0.0,0
0.0015232292460015233,2625,2.25,21,0,10,8,2,2,1,20,0.6666666666666666,2,0,2.0,1
0.00015965939329430547,18789,2.75,46,0,4,78,26,11,2,14,0.0,3,1,8.0,0
0.0006609385327164573,4538,2.75,34,1,2,12,4,3,0,12,0.0,7,0,2.0,0
0.00020153164046755341,19847,2.5,51,1,9,124,31,29,4,24,0.34375,3,1,10.0,0
0.00028536098164177684,10512,3.75,59,0,18,75,25,9,6,12,0.19230769230769232,4,0,4.0,0
0.0006749156355455568,4444,2.75,34,0,19,45,15,11,4,13,0.3125,2,2,10.0,0
0.0013921113689095127,2154,3.25,28,1,1,15,5,4,0,11,0.0,2,0,2.0,0
0.0001563232765358762,19190,3.0,44,0,4,78,26,25,1,14,0.5185185185185185,3,2,13.0,0
0.0006680026720106881,4490,2.75,34,0,11,42,14,10,4,11,0.06666666666666667,1,2,8.0,0
0.000855431993156544,3506,3.25,35,1,6,12,4,3,0,14,0.4,6,0,2.0,0
0.0012642225031605564,2372,3.0,42,1,7,54,18,1,6,16,0.0,6,0,0.0,0
0.00029319781078967946,10231,3.5,43,0,4,69,23,21,3,14,0.625,7,0,14.5,0
0.0005544261689151728,5410,3.0,36,1,2,54,18,16,9,11,0.2631578947368421,4,0,12.0,0
0.0003759869657851861,7978,3.0,44,0,15,30,10,10,1,11,0.0,0,1,5.0,1
0.0007755946225439503,3867,3.0,28,1,2,6,2,2,1,12,0.6666666666666666,2,1,2.0,0
0.0010567101091933778,2838,2.25,51,0,6,24,8,7,0,14,0.7777777777777778,2,0,7.0,0
0.0006388415672913117,4695,3.0,30,1,9,30,10,8,7,18,0.09090909090909091,4,0,7.0,0
0.0008982035928143712,3339,2.25,29,1,7,30,10,7,3,13,0.6363636363636364,2,2,7.0,1
0.0014416146083613647,2080,2.5,28,0,1,15,5,3,2,11,0.16666666666666666,6,0,2.0,0
0.001430615164520744,2096,3.25,25,0,1,6,2,2,1,18,0.6666666666666666,6,0,1.0,0
0.0004830917874396135,6209,3.5,32,0,8,30,10,10,1,15,0.0,7,2,8.0,0
0.00022145941756173182,18061,2.5,45,0,25,88,22,0,3,22,0.0,3,0,0.0,0
0.0001751927119831815,17123,2.75,39,1,13,63,21,19,6,13,0.6818181818181818,3,2,2.0,0
0.0012642225031605564,2372,2.75,58,0,23,6,2,2,1,12,0.6666666666666666,6,2,2.0,0
0.0006142506142506142,4883,2.75,32,0,7,30,10,10,1,18,0.09090909090909091,2,1,1.0,1
0.0007682458386683739,3904,2.0,39,0,23,18,6,5,0,13,0.0,6,0,3.0,1
0.0006482281763180639,4627,2.0,30,0,6,30,10,9,0,12,0.5454545454545454,2,1,7.0,0
0.00042283298097251583,7094,2.75,36,0,10,30,10,7,3,12,0.09090909090909091,0,0,7.0,0
0.0008761682242990654,3423,2.75,46,0,1,30,10,7,6,12,0.45454545454545453,1,0,7.0,0
0.00044943820224719103,6674,2.25,28,0,1,30,10,9,0,11,0.6363636363636364,2,3,5.0,0
0.00017771459036786921,16880,2.5,50,1,28,75,25,3,4,11,0.038461538461538464,5,0,2.0,0
0.0003298515667949423,9094,2.75,40,1,25,27,9,5,2,12,0.1,7,0,0.0,1
0.00035515567657156387,8446,2.5,52,1,5,30,10,8,9,19,0.6363636363636364,7,0,7.0,1
0.0003356549467147772,11916,2.5,30,1,17,36,9,9,1,23,0.0,3,2,8.0,0
0.000661521499448732,4534,2.0,39,0,18,27,9,8,0,11,0.1,4,0,7.0,0
0.0003044757941743631,9852,2.75,31,1,2,30,10,10,1,19,0.8181818181818182,7,1,6.0,0
0.00048764629388816646,6151,1.75,41,0,10,57,19,19,1,13,0.55,7,0,9.0,0
0.0013026487190620929,2302,2.5,31,1,1,9,3,3,1,11,0.5,8,0,2.0,1
0.0012695725772323319,2362,2.0,44,0,3,30,10,3,4,12,0.09090909090909091,2,0,2.0,1
0.00016795431642593214,17861,3.25,42,1,2,63,21,20,0,13,0.09090909090909091,3,0,10.0,0
0.00015634771732332708,19187,3.0,55,0,2,69,23,19,4,14,0.375,3,1,11.0,0
0.00015214524799675422,19717,2.5,56,0,8,108,36,7,6,14,0.1891891891891892,3,0,7.0,0
0.000846262341325811,3544,2.75,40,0,16,18,6,4,9,16,0.0,6,1,0.0,0
0.0003528996588636631,8500,3.75,34,0,9,30,10,9,0,11,0.09090909090909091,0,1,6.0,0
0.0006435006435006435,4661,3.25,40,0,2,27,9,9,1,13,0.8,6,0,8.0,0
0.0007309941520467836,4103,2.75,41,0,1,30,10,9,0,17,0.09090909090909091,7,1,7.0,0
0.0007058823529411765,4249,2.75,35,1,4,27,9,9,1,11,0.1,6,0,1.0,0
0.00021387324445711842,14026,2.5,51,1,5,99,33,33,1,11,0.0,3,1,10.0,0
0.0004351610095735422,6893,2.5,38,0,2,33,11,7,3,15,0.08333333333333333,7,1,7.0,0
0.0004897159647404506,6125,2.75,34,0,15,30,10,10,1,12,0.8181818181818182,7,0,6.0,0
0.0008174386920980927,3669,3.5,25,0,19,21,7,3,3,11,0.125,2,3,2.0,0
0.0002997302427814966,10008,2.5,58,1,7,93,31,10,7,14,0.15625,4,0,9.0,1
0.0016750418760469012,2387,2.5,40,0,1,28,7,4,3,22,0.0,2,1,3.0,0
0.000646551724137931,4639,2.5,36,0,7,51,17,15,2,16,0.3333333333333333,7,1,13.0,0
0.00037979491074819596,7898,3.5,48,0,4,33,11,10,1,11,0.0,4,0,8.0,0
0.001183431952662722,2534,3.25,27,0,11,15,5,1,8,14,0.0,8,1,0.0,0
0.00022825838849577722,13142,2.5,51,0,11,87,29,5,3,16,0.0,4,0,3.0,0
0.0018610421836228288,1611,3.5,18,0,1,0,0,0,1,15,0.0,2,0,0.0,0
0.0005592841163310962,5363,3.0,35,0,1,30,10,9,0,12,0.0,2,1,0.0,0
0.0007886435331230284,5071,2.75,27,0,2,32,8,6,3,20,0.0,7,0,0.0,0
0.00021904205607476635,13695,2.75,55,1,13,72,24,19,6,17,0.12,7,0,8.0,1
0.00022383048571215399,13402,2.5,56,1,23,99,33,19,4,12,0.4411764705882353,4,1,9.0,0
0.0019704433497536944,2029,2.25,34,0,26,20,5,5,1,20,0.0,6,3,0.0,0
0.0006271558482282847,6377,2.75,40,0,2,60,15,12,5,20,0.6875,0,3,8.0,0
0.0005524861878453039,5429,2.25,34,0,29,30,10,8,4,13,0.6363636363636364,2,2,7.0,0
0.0010768126346015793,2785,3.0,31,0,2,9,3,1,7,14,0.0,8,0,0.0,1
0.0006500541711809318,4614,3.25,35,1,18,15,5,4,0,18,0.5,7,1,2.0,1
0.0011489850631941786,2610,3.75,38,0,7,12,4,4,1,11,0.0,6,3,3.0,0
0.0004485645933014354,6687,3.5,34,0,2,42,14,14,1,11,0.26666666666666666,0,0,11.0,0
0.0006349206349206349,4724,2.25,28,0,26,15,5,5,1,11,0.0,7,1,4.0,0
0.0004854368932038835,6179,3.5,31,1,22,30,10,10,1,15,0.5454545454545454,4,2,7.0,1
0.000490115994118608,6120,2.75,39,1,21,24,8,5,3,12,0.1111111111111111,7,2,4.0,0
0.000283098990280268,10596,2.25,51,0,2,42,14,4,2,11,0.2,7,0,2.0,0
0.0005486466715435259,5467,3.0,41,1,22,36,12,6,3,14,0.23076923076923078,6,2,3.0,0
0.001001001001001001,2996,3.25,37,1,4,24,8,6,7,15,0.1111111111111111,6,0,3.0,0
0.00030003000300030005,9998,2.5,33,0,5,24,8,5,6,13,0.1111111111111111,7,0,2.0,0
0.0007354743809757293,4078,2.25,32,1,2,12,4,3,0,13,0.2,7,3,2.0,0
0.000366266825382291,10920,2.75,39,0,25,52,13,6,3,21,0.0,0,1,5.0,0
0.00048130916091769613,6232,2.5,25,0,18,18,6,3,2,11,0.14285714285714285,7,0,2.0,0
0.00022644927536231884,13247,3.25,52,1,28,72,24,5,2,11,0.0,4,1,2.0,0
0.0007349338559529642,4081,1.75,43,1,6,60,20,20,1,14,0.047619047619047616,6,0,8.0,0
0.0005199306759098787,5769,3.5,27,1,10,18,6,6,1,11,0.5714285714285714,7,0,4.0,0
0.0012526096033402922,2394,3.5,27,1,17,24,8,8,1,13,0.7777777777777778,6,0,7.0,1
0.0007682458386683739,3904,2.75,26,0,2,15,5,4,0,12,0.16666666666666666,6,0,1.0,0
0.00017857142857142857,16799,2.5,42,0,10,63,21,20,0,14,0.0,3,1,9.0,0
0.0010166045408336157,2950,2.5,52,0,8,36,12,5,9,13,0.0,2,0,4.0,0
0.0008264462809917355,3629,2.0,37,0,11,24,8,3,4,18,0.0,2,0,2.0,0
0.0003204101249599487,9362,3.25,35,0,18,30,10,2,2,11,0.18181818181818182,4,0,2.0,0
0.0009287925696594427,3229,2.5,25,0,1,21,7,3,4,11,0.0,2,1,2.0,0
0.0008382229673093043,3578,3.0,26,0,7,24,8,7,0,12,0.0,2,0,7.0,0
0.0003755163349605708,7988,1.5,29,0,17,30,10,10,1,13,0.0,1,0,9.0,0
0.0009334889148191366,4284,1.25,49,0,28,80,20,4,3,20,0.047619047619047616,2,0,3.0,1
0.0003971405877680699,7553,2.75,29,1,14,27,9,8,0,12,0.7,0,0,7.0,1
0.000173120203127705,17328,3.75,54,0,1,87,29,20,6,19,0.4,5,0,7.0,0
0.00020302507359658918,19701,2.75,58,1,1,128,32,9,3,21,0.030303030303030304,5,1,5.0,0
0.00020362451639177357,14732,3.5,55,0,1,93,31,7,2,13,0.0,5,2,0.0,0
0.00032331070158422246,9278,2.5,36,1,3,45,15,5,3,16,0.0,7,0,1.0,0
0.0022058823529411764,1359,2.0,31,0,1,3,1,1,1,12,0.0,8,0,0.0,1
0.0006276150627615063,4779,2.5,30,0,7,24,8,3,7,14,0.0,7,2,2.0,0
0.00018267064482737624,16422,2.25,31,0,8,27,9,3,3,11,0.1,5,0,0.0,0
0.001001001001001001,2996,2.75,34,0,1,30,10,4,5,14,0.09090909090909091,6,2,3.0,0
0.002377179080824089,1261,2.0,31,0,8,3,1,1,1,12,0.0,6,0,0.0,1
0.0014285714285714286,2099,2.0,27,0,11,18,6,5,0,14,0.14285714285714285,2,0,4.0,0
0.0005162622612287042,5810,2.5,36,0,4,30,10,10,1,16,0.09090909090909091,2,0,8.0,0
0.0005311614730878187,5647,1.75,36,0,16,33,11,3,4,13,0.0,7,2,2.0,0
0.0008769365682548962,3420,2.75,47,0,1,51,17,6,7,12,0.05555555555555555,6,1,2.0,0
0.0006816632583503749,4400,1.25,25,0,9,18,6,3,3,12,0.2857142857142857,8,0,2.0,1
0.000856898029134533,3500,2.75,37,0,5,21,7,6,0,14,0.125,2,0,3.0,0
0.0019351717464925011,2066,2.25,56,0,1,20,5,3,2,22,0.16666666666666666,6,1,0.0,0
0.00017472335468841002,17169,2.25,47,0,2,78,26,20,3,19,0.18518518518518517,5,2,6.0,0
0.000720634158059092,4162,3.25,24,1,4,15,5,5,1,12,0.0,7,2,3.0,0
0.00032590983161325367,9204,3.5,32,0,7,21,7,4,4,12,0.0,7,1,3.0,0
0.0009104704097116844,3294,2.25,34,0,1,21,7,5,5,17,0.0,2,1,2.0,0
0.0014097744360902255,2127,2.5,41,1,5,21,7,4,2,12,0.0,6,0,3.0,0
0.0007545271629778672,3975,3.0,40,0,9,33,11,8,3,11,0.0,2,2,7.0,0
0.00027793218454697053,10793,2.25,31,0,8,39,13,13,1,18,0.6428571428571429,7,1,9.0,0
0.0002971179558284639,10096,2.25,46,0,9,84,28,7,4,11,0.13793103448275862,7,1,3.0,1
0.0010967918837400603,3646,1.5,39,1,2,44,11,1,2,23,0.0,2,0,0.0,1
0.00040284678393984153,7446,2.5,31,0,1,30,10,10,1,11,0.36363636363636365,4,0,7.0,1
0.00027644673792849247,10851,1.5,45,1,20,72,24,7,2,18,0.0,0,1,7.0,0
0.0014218009478672985,2109,3.5,31,0,8,24,8,3,9,18,0.0,1,0,2.0,0
0.0008058017727639,3722,3.0,31,1,2,21,7,2,6,13,0.25,2,1,2.0,1
0.0003197953309881676,9380,3.25,45,1,29,30,10,3,4,18,0.09090909090909091,4,2,2.0,0
0.0005467468562055768,5486,2.0,48,0,7,45,15,2,4,11,0.125,7,3,2.0,0
0.001093693036820999,2742,2.75,34,0,9,6,2,2,1,15,0.6666666666666666,1,0,2.0,1
0.00021805494984736154,13757,2.75,40,0,8,48,16,9,2,11,0.23529411764705882,5,1,8.0,0
0.00035444234404536864,8463,3.0,28,0,5,18,6,5,0,18,0.14285714285714285,7,0,3.0,0
0.0009484666455896301,3162,3.0,44,0,5,21,7,5,3,14,0.0,2,0,3.0,0
0.0001807337791433219,16598,3.0,53,0,2,105,35,9,4,12,0.2222222222222222,5,0,8.0,0
0.0004509921828021648,6651,2.25,49,0,5,60,20,3,2,14,0.047619047619047616,0,1,2.0,0
0.0012787723785166241,2345,3.0,40,0,2,24,8,3,2,14,0.1111111111111111,6,1,2.0,0
0.0008769365682548962,3420,3.0,44,0,20,18,6,5,1,13,0.14285714285714285,6,0,3.0,0
0.0006858710562414266,4373,2.25,33,0,7,15,5,4,0,14,0.0,7,2,3.0,0
0.0006302521008403362,4759,2.5,34,0,3,45,15,13,3,18,0.1875,7,0,12.0,0
0.0005658242172764995,5301,3.25,30,0,16,12,4,2,8,15,0.4,7,2,2.0,0
0.0008165487207403375,3673,2.75,42,0,9,36,12,12,1,13,0.38461538461538464,2,0,8.0,0
0.0006290626965820927,4768,2.5,44,0,1,33,11,1,7,12,0.0,7,1,0.0,0
0.002352941176470588,1274,2.75,30,0,7,3,1,1,1,13,0.0,6,2,0.0,0
0.0008161599673536013,4900,2.5,57,0,1,52,13,12,0,24,0.14285714285714285,6,1,8.0,0
0.00028661507595299513,10466,2.5,49,0,7,87,29,8,3,14,0.0,0,2,7.0,0
0.0001763875823142051,17007,2.5,34,0,15,48,16,14,7,14,0.35294117647058826,5,2,9.0,0
0.0010309278350515464,2909,2.75,28,0,1,15,5,3,3,15,0.16666666666666666,8,1,2.0,1
0.0005202913631633715,5765,1.75,29,0,13,21,7,5,5,11,0.0,7,0,0.0,1
0.0008695652173913044,4599,2.0,34,1,24,64,16,15,0,23,0.5882352941176471,7,0,10.0,1
0.0012474012474012475,2404,2.75,35,0,7,3,1,1,1,13,0.0,8,1,0.0,0
0.0009454774661203908,3172,2.25,24,1,9,12,4,0,2,11,0.0,2,0,0.0,1
0.0014749262536873156,2033,3.0,24,0,13,3,1,1,1,13,0.0,8,1,0.0,0
0.0002938295788442703,10209,2.5,44,1,2,48,16,2,5,18,0.11764705882352941,4,0,2.0,0
0.00034798747245099175,8620,2.75,29,0,19,30,10,10,1,14,0.0,7,2,4.0,0
0.001937046004842615,2064,2.5,30,0,1,24,6,5,0,21,0.14285714285714285,1,1,3.0,0
0.0007433102081268583,4035,3.0,55,1,4,12,4,3,0,16,0.2,0,0,2.0,0
0.0007814535035165407,3838,2.25,33,0,4,24,8,5,8,11,0.0,2,0,2.0,0
0.0006533101045296168,4591,3.0,47,1,14,33,11,5,3,17,0.08333333333333333,7,1,2.0,0
0.00117096018735363,2561,2.25,28,0,2,24,8,0,7,11,0.0,2,0,0.0,1
0.0019181585677749361,1563,2.5,28,0,1,3,1,1,1,14,0.0,6,1,0.0,0
0.000612369871402327,4898,2.75,28,0,7,15,5,4,0,14,0.16666666666666666,7,0,3.0,0
0.0008350730688935282,4789,1.75,49,0,3,40,10,3,4,25,0.09090909090909091,2,1,2.0,0
0.0009430996541967935,3180,3.0,29,0,2,12,4,3,0,13,0.0,2,3,2.0,0
0.0004580152671755725,6549,2.0,28,0,29,24,8,8,1,14,0.1111111111111111,4,2,7.0,0
0.0004695570511817186,6388,2.75,33,1,8,42,14,0,2,17,0.0,0,0,0.0,0
0.0003557136505113384,11244,3.0,32,0,10,40,10,5,2,25,0.0,3,0,0.0,0
0.0002494854362876567,16032,2.5,54,0,11,104,26,14,3,20,0.037037037037037035,3,1,12.0,0
0.0012695725772323319,2362,1.75,29,0,1,33,11,9,6,13,0.0,6,0,7.0,1
0.00018372221201543268,16328,2.75,44,0,28,72,24,20,3,13,0.56,5,1,14.5,0
0.00035812343320997973,8376,2.75,39,0,6,27,9,2,4,18,0.2,4,0,2.0,0
0.0001806467152405612,16606,3.0,46,0,3,69,23,13,8,12,0.20833333333333334,3,1,1.0,0
0.0003485535029627048,8606,3.0,35,0,16,33,11,11,1,19,0.25,0,0,3.0,0
0.0013198416190057193,2272,2.25,23,0,20,15,5,4,0,14,0.16666666666666666,2,0,2.0,0
0.0014858841010401188,2018,2.5,40,0,9,45,15,5,3,14,0.0625,2,0,0.0,1
0.00042348955392433656,7083,3.25,34,1,1,30,10,10,1,14,0.7272727272727273,7,0,6.0,0
0.0007343941248470012,4084,2.75,31,0,3,21,7,7,1,12,0.875,6,0,7.0,1
0.00020815986677768527,14411,3.0,50,1,22,96,32,32,1,13,0.3939393939393939,5,0,9.0,0
0.0017323516673884798,2308,2.5,34,1,7,48,12,11,0,25,0.38461538461538464,8,1,7.0,0
0.0006195786864931846,4841,2.25,42,0,2,12,4,1,4,14,0.0,2,1,0.0,0
0.0006999533364442371,4285,2.25,37,0,13,30,10,10,1,17,0.2727272727272727,6,0,7.0,0
0.0003087690407575134,9715,2.0,29,0,8,27,9,7,3,13,0.0,0,1,7.0,0
0.0006942837306179125,4320,3.0,33,0,25,15,5,5,1,13,0.0,4,0,2.0,0
0.001875293014533521,2132,3.75,45,0,28,32,8,5,4,20,0.0,6,1,3.0,0
0.0002962962962962963,10124,3.5,42,1,2,72,24,20,2,14,0.52,0,1,9.0,0
0.0005480453050785532,5473,2.25,40,0,9,27,9,8,0,12,0.7,7,0,1.0,0
0.000576036866359447,5207,2.5,33,1,28,45,15,15,1,12,0.3125,2,1,7.0,0
0.0002433386056697895,16437,3.5,40,1,6,84,21,21,1,21,0.3181818181818182,3,0,7.0,0
0.00130605137135394,2296,2.0,24,0,21,6,2,1,0,14,0.0,2,3,0.0,0
0.0007371007371007371,4069,3.5,40,1,8,24,8,2,3,18,0.2222222222222222,0,0,2.0,0
0.00040311744154797097,7441,1.75,45,0,1,30,10,10,1,12,0.6363636363636364,0,3,7.0,0
0.0016454134101192926,2430,2.0,35,0,28,24,6,5,0,23,0.5714285714285714,8,2,2.0,0
0.0005102908657935023,5878,2.25,32,0,5,36,12,7,3,12,0.15384615384615385,6,1,5.0,0
0.0015122873345935729,2644,3.5,36,1,2,28,7,3,3,21,0.125,8,0,2.0,0
0.0004658385093167702,6439,3.0,48,0,16,54,18,8,8,14,0.3684210526315789,7,1,7.0,0
0.0012234910277324632,2451,2.75,29,0,9,15,5,1,6,18,0.0,6,2,0.0,0
0.0004692632566870014,6392,2.25,33,0,8,24,8,2,2,13,0.2222222222222222,7,1,2.0,0
0.00030880082346886257,9714,2.25,30,0,1,30,10,10,1,11,0.5454545454545454,7,1,7.0,1
0.0004935834155972359,6077,3.0,38,0,10,30,10,6,3,11,0.09090909090909091,1,0,2.0,0
0.0012239902080783353,2450,2.25,35,0,1,9,3,3,1,19,0.25,2,0,2.0,0
0.0003242892660252946,9250,2.5,30,0,29,27,9,4,3,12,0.1,7,1,3.0,0
0.0014457831325301205,2074,2.25,35,1,2,3,1,1,1,12,0.0,2,1,0.0,1
0.0002949852507374631,10169,2.75,53,0,2,102,34,33,0,16,0.02857142857142857,4,1,9.0,1
0.0006177924217462932,4855,2.25,38,0,2,21,7,5,4,11,0.125,4,2,4.0,1
0.0007338551859099804,4087,2.5,32,0,1,27,9,6,4,14,0.1,6,1,2.0,0
0.001266891891891892,2367,2.75,48,0,15,30,10,8,8,12,0.6363636363636364,6,1,6.0,0
0.0010090817356205853,2972,2.75,34,0,7,3,1,1,1,13,0.0,6,0,0.0,0
0.0002042170827589728,19586,3.0,55,0,26,144,36,36,1,21,0.05405405405405406,3,1,13.0,0
0.0005469462169553327,5484,2.75,34,0,1,27,9,2,9,17,0.2,6,1,1.0,0
0.0019398642095053346,2061,2.25,26,0,3,4,1,1,1,21,0.0,6,0,0.0,0
0.00030226700251889167,9924,3.0,38,0,14,30,10,9,0,11,0.6363636363636364,7,1,7.0,0
0.0007144558228149559,4198,2.25,38,0,16,24,8,3,2,12,0.1111111111111111,7,0,2.0,0
0.00044014084507042255,6815,2.25,36,0,1,45,15,1,6,13,0.0,7,0,0.0,0
0.0006350550381033022,4723,2.5,29,1,3,30,10,10,1,18,0.09090909090909091,2,0,5.0,0
0.0004883607357968419,6142,2.5,35,1,10,30,10,5,3,16,0.0,0,0,4.0,0
0.0003641660597232338,8237,3.0,39,0,6,33,11,7,2,11,0.5833333333333334,7,1,6.0,0
0.00033882990738649197,8853,3.0,29,0,2,18,6,6,1,19,0.14285714285714285,0,1,3.0,0
0.00015518311607697082,19331,3.0,50,1,9,81,27,1,4,16,0.0,3,1,0.0,0
0.0014464802314368371,2073,3.75,23,0,10,12,4,2,2,16,0.4,6,1,2.0,0
0.0005392773683264426,5562,2.5,36,1,6,27,9,3,3,13,0.0,2,1,2.0,0
0.00020393596410727031,19613,3.5,42,0,9,96,24,1,8,22,0.0,3,0,1.0,0
0.0008802816901408451,3407,3.25,35,0,28,30,10,10,1,17,0.5454545454545454,2,2,8.0,0
0.0005924170616113745,5063,2.75,34,0,10,24,8,8,1,14,0.7777777777777778,0,1,7.0,0
0.000646551724137931,4639,2.75,40,0,14,15,5,5,1,15,0.16666666666666666,7,1,2.0,0
0.0006151322534344885,4876,3.25,43,0,27,24,8,6,5,12,0.0,2,1,2.0,0
0.0011148272017837235,2690,3.25,35,0,7,3,1,1,1,18,0.0,2,1,1.0,0
0.00017076502732240437,17567,2.75,46,0,1,81,27,26,1,15,0.0,3,0,12.0,0
0.0012453300124533001,2408,2.75,28,1,24,3,1,1,1,17,0.0,2,3,0.0,1
0.0010657193605683837,2814,2.25,22,1,26,12,4,4,1,14,0.2,6,0,3.0,0
0.00026676151520540635,11245,2.75,50,1,20,96,32,30,2,15,0.36363636363636365,0,1,13.0,0
0.0009055236945366737,3312,3.5,32,0,5,18,6,3,3,17,0.0,6,2,2.0,0
0.00015748031496062991,19049,3.25,44,1,7,69,23,22,0,14,0.041666666666666664,5,1,10.0,0
0.0014005602240896359,2141,2.0,30,0,7,18,6,6,1,12,0.14285714285714285,6,1,1.0,0
0.0005199306759098787,5769,1.5,45,1,5,30,10,10,1,14,0.09090909090909091,2,0,4.0,0
0.0006839945280437756,4385,1.25,45,0,26,30,10,10,1,15,0.36363636363636365,7,1,5.0,0
0.000562535158447403,5332,3.0,31,0,2,30,10,5,7,13,0.0,7,0,3.0,0
0.0006432246998284735,4663,2.75,36,1,12,21,7,3,9,12,0.125,4,2,1.0,0
0.0006349206349206349,4724,3.0,34,0,10,27,9,9,1,13,0.7,4,1,2.0,0
0.0009339975093399751,3211,2.75,49,0,25,30,10,9,1,14,0.09090909090909091,2,1,4.0,0
0.0005578281889178133,5377,2.5,39,0,10,30,10,7,2,13,0.6363636363636364,4,3,7.0,0
0.0007376444553725104,4066,2.0,27,0,19,21,7,7,1,11,0.0,2,2,7.0,0
0.0005759262814359762,5208,2.75,35,0,18,48,16,16,1,11,0.058823529411764705,6,0,10.0,0
0.0008200082000820008,4877,1.5,28,0,27,24,6,5,0,21,0.0,4,1,0.0,0
0.0009621552277100705,3117,3.25,21,0,5,9,3,2,1,18,0.5,6,0,2.0,0
0.001910828025477707,1569,3.0,18,1,3,0,0,0,1,12,0.0,8,0,0.0,1
0.00015260186174271325,19658,3.25,47,0,26,81,27,5,3,11,0.03571428571428571,3,1,0.0,0
0.000977198697068404,3069,3.0,39,0,3,33,11,10,0,15,0.0,2,1,7.0,0
0.0002874664622460713,10435,2.5,40,0,15,54,18,18,1,13,0.7368421052631579,4,2,12.0,0
0.0007230657989877079,4148,3.25,35,0,8,45,15,14,1,12,0.125,0,1,9.0,0
0.0005200208008320333,5768,2.5,37,0,19,27,9,4,3,17,0.0,4,3,2.0,0
0.000594883997620464,5042,2.75,39,0,4,30,10,9,0,13,0.2727272727272727,4,0,8.0,0
0.0005198405822214521,5770,2.75,45,0,2,30,10,10,1,19,0.2727272727272727,4,2,9.0,0
0.00038674745391259507,7756,3.25,38,1,2,30,10,5,3,19,0.0,4,1,2.0,0
0.0002910643252158727,10306,2.5,35,0,10,45,15,13,9,17,0.375,7,0,0.0,1
0.000762001524003048,3936,2.0,37,0,10,24,8,8,1,11,0.7777777777777778,6,1,7.0,0
0.0003775484520513466,7945,3.5,40,1,16,54,18,4,6,15,0.15789473684210525,4,0,3.0,0
0.0005222841225626741,5743,2.75,44,1,1,42,14,10,4,11,0.0,1,0,2.0,0
0.0002631059659277774,15202,2.75,48,0,4,92,23,2,2,25,0.08333333333333333,3,1,2.0,0
0.0005513692335967653,5440,2.5,35,1,15,21,7,2,6,14,0.25,7,2,2.0,1
0.0007976601967561818,3760,2.75,24,1,2,18,6,6,1,13,0.14285714285714285,6,0,3.0,0
0.0008527572484366117,3517,2.5,27,0,8,15,5,3,7,17,0.0,6,0,2.0,0
0.001162340178225494,2580,3.5,27,0,2,18,6,4,2,13,0.14285714285714285,6,0,2.0,0
0.0013844023996308261,2166,1.75,40,1,7,30,10,4,3,14,0.0,2,0,3.0,1
0.0005110732538330494,5869,2.75,29,0,10,24,8,5,9,11,0.1111111111111111,7,0,4.0,0
0.00037457859907603946,8008,2.25,36,0,5,27,9,3,4,12,0.0,0,2,2.0,0
0.0005761474937584022,5206,3.5,25,0,2,21,7,7,1,17,0.0,4,2,7.0,0
0.0007552870090634441,5295,3.0,39,0,12,28,7,5,4,21,0.125,4,0,0.0,0
0.00018277080541001585,16413,2.0,49,0,22,81,27,4,3,16,0.03571428571428571,5,2,2.0,0
0.0002260738507912585,13269,2.5,50,0,17,57,19,14,5,15,0.05,5,3,11.0,0
0.0010775862068965517,2783,2.5,20,0,2,6,2,2,1,19,0.6666666666666666,8,0,2.0,0
0.0005520794994479205,5433,3.0,34,0,3,33,11,11,1,12,0.5833333333333334,6,1,9.0,0
0.0014895729890764648,2013,2.25,36,0,7,45,15,4,2,11,0.0625,2,0,3.0,0
0.00021479200973723776,13966,2.5,49,1,6,90,30,15,2,19,0.06451612903225806,0,1,12.0,0
0.0006857142857142857,4374,3.0,36,0,1,12,4,3,0,15,0.2,4,0,2.0,0
0.0005845389449072045,6842,2.5,36,0,3,52,13,5,6,20,0.0,0,1,4.0,0
0.00022952889194927413,17426,2.75,54,0,22,144,36,10,3,25,0.10810810810810811,3,1,7.0,0
0.00022722108611679165,17603,2.25,43,0,15,56,14,14,1,24,0.4,5,1,11.0,0
0.0008729812309035355,4581,3.0,35,1,12,52,13,11,3,24,0.42857142857142855,7,0,7.0,1
0.000633445945945946,4735,3.75,38,0,1,57,19,13,7,15,0.1,6,2,9.0,0
0.0007163323782234957,4187,1.75,29,1,5,30,10,10,1,13,0.0,7,1,9.0,0
0.0005448601525608427,5505,3.5,33,0,2,18,6,6,1,14,0.0,7,2,4.0,0
0.0005483458234326449,5470,3.0,32,0,2,30,10,9,0,13,0.09090909090909091,6,2,6.0,0
0.0005477451159393829,5476,2.25,31,0,5,30,10,10,1,11,0.0,7,2,2.0,0
0.00115919629057187,2587,2.5,49,1,16,51,17,2,4,16,0.1111111111111111,2,1,2.0,0
0.0016386726751331422,2440,2.5,38,0,2,16,4,4,1,22,0.6,2,0,3.0,0
0.00018781694108808614,15972,2.75,47,0,2,87,29,3,6,14,0.03333333333333333,3,3,2.0,0
0.0001950585175552666,15379,2.5,49,0,1,69,23,8,4,14,0.0,3,0,0.0,0
0.00042354934349851756,7082,3.5,41,1,23,63,21,2,3,16,0.0,7,0,2.0,0
0.0010993037742762918,2728,2.25,20,0,9,6,2,2,1,11,0.0,8,0,2.0,0
0.0007450176941702365,5368,3.25,33,1,16,28,7,6,1,25,0.125,7,1,2.0,0
0.0005609573672400897,5347,2.25,36,0,26,30,10,3,6,14,0.0,0,2,2.0,0
0.0009386733416770963,3195,2.75,44,1,1,24,8,2,4,18,0.2222222222222222,1,3,2.0,0
0.0007518796992481203,3989,2.5,23,1,8,15,5,5,1,11,0.16666666666666666,2,0,2.0,1
0.0009071666162685213,3306,3.5,38,0,4,21,7,0,7,19,0.0,2,1,0.0,0
0.00042820439623180134,7005,3.25,53,0,24,33,11,4,3,15,0.08333333333333333,0,0,2.0,0
0.0011295180722891566,2655,3.25,48,1,7,57,19,9,2,11,0.35,8,2,7.0,1
0.002152080344332855,1393,2.5,32,0,2,3,1,1,1,12,0.0,2,0,0.0,1
0.0015558148580318942,2570,3.5,26,0,7,28,7,7,1,20,0.625,2,0,7.0,0
0.0008479366873940079,3537,2.25,55,0,22,24,8,4,5,12,0.1111111111111111,6,1,2.0,0
0.0007524454477050414,3986,2.75,34,0,5,45,15,15,1,14,0.25,2,1,13.0,0
0.0003675119441381845,10883,2.75,60,0,1,76,19,1,3,20,0.0,0,1,0.0,0
0.0014785608674223755,2028,3.0,33,0,21,42,14,14,1,18,0.13333333333333333,2,3,13.0,0
0.0003149275666596683,9525,2.75,37,0,1,18,6,6,1,14,0.14285714285714285,7,2,3.0,0
0.0010238907849829352,2929,2.5,34,0,19,30,10,10,1,12,0.7272727272727273,6,0,7.0,0
0.0017574692442882249,2275,3.0,23,1,7,12,3,3,1,21,0.0,8,1,2.0,1
0.00038071065989847715,7879,3.25,44,1,2,27,9,8,1,19,0.6,0,1,7.0,0
0.0006083958629081322,4930,2.5,35,1,2,18,6,5,0,14,0.14285714285714285,6,0,4.0,0
0.00038226299694189603,7847,3.0,43,1,2,30,10,10,1,17,0.7272727272727273,7,1,8.0,0
0.0006815084052703317,4401,3.5,24,0,9,15,5,5,1,16,0.0,6,1,4.0,0
0.0003246050638389959,9241,3.0,41,0,6,30,10,10,1,12,0.7272727272727273,7,0,7.0,0
0.0010084033613445378,2974,3.25,29,0,9,27,9,5,9,17,0.1,2,1,2.0,0
0.0006662225183211193,4502,3.25,36,0,2,51,17,13,3,15,0.3333333333333333,8,0,7.0,0
0.0003721276397804447,10748,3.0,45,0,1,100,25,23,3,23,0.5384615384615384,0,1,4.0,0
0.0019280205655526992,1555,2.75,24,0,22,3,1,1,1,11,0.0,1,1,0.0,1
0.0002318930200200974,12936,2.5,47,0,9,75,25,23,7,11,0.5384615384615384,7,0,10.0,1
0.0013009540329575022,2305,2.75,26,0,17,9,3,3,1,15,0.0,2,3,2.0,0
0.0001795869500149656,16704,2.75,45,0,28,63,21,21,1,11,0.36363636363636365,5,0,6.0,0
0.0008736167734420501,3433,2.0,32,0,10,30,10,5,6,13,0.09090909090909091,6,1,3.0,0
0.0008625646923519264,3477,3.0,31,0,2,18,6,5,1,14,0.0,2,1,3.0,0
0.0004664904369460426,6430,2.0,41,0,4,30,10,3,6,19,0.09090909090909091,1,1,2.0,0
0.0004603345097437471,6516,2.0,40,1,8,54,18,1,2,16,0.0,4,1,0.0,0
0.0007676560900716479,3907,2.0,24,0,29,18,6,6,1,13,0.14285714285714285,2,3,2.0,0
0.0005392773683264426,5562,3.0,46,0,13,57,19,10,6,14,0.0,0,0,9.0,0
0.0004357931435212086,6883,3.0,35,0,27,51,17,7,2,16,0.0,4,1,7.0,0
0.001047851903597625,2862,2.75,30,0,16,30,10,10,1,12,0.0,6,1,8.0,0
0.0006025306286402892,4978,3.0,47,0,2,12,4,1,7,11,0.0,7,1,0.0,0
0.0002893239463786286,10368,3.0,46,1,2,39,13,10,4,12,0.0,7,1,3.0,0
0.0004889975550122249,6134,1.75,36,1,13,48,16,2,5,13,0.11764705882352941,7,3,2.0,1
0.0004453681710213777,6735,1.5,32,0,1,30,10,0,6,15,0.0,7,0,0.0,1
0.0009101941747572816,3295,2.75,23,0,4,9,3,3,1,13,0.25,2,0,2.0,0
0.0007635044855888528,5238,3.75,31,0,24,36,9,5,2,20,0.1,4,0,4.0,0
0.0004634636181059787,6472,3.75,39,1,1,27,9,9,1,15,0.5,2,1,8.0,0
0.00031214233690562894,9610,2.75,32,0,19,30,10,4,3,13,0.0,7,1,2.0,0
0.00015125541998588284,19833,2.25,40,0,7,63,21,21,1,14,0.5454545454545454,3,0,8.0,0
0.00040996207850773806,9756,2.5,45,0,4,36,9,5,4,21,0.0,1,2,3.0,0
0.0006037432078889113,4968,2.75,30,0,2,30,10,9,0,16,0.0,6,0,7.0,0
0.0013979496738117428,2145,3.0,24,0,10,9,3,2,0,14,0.5,1,1,1.0,0
0.001375515818431912,2180,3.0,30,0,8,18,6,4,6,11,0.14285714285714285,1,1,2.0,1
0.0003594105666706601,8346,2.5,31,0,5,18,6,5,1,19,0.0,7,1,2.0,0
0.0008705745792222867,3445,3.25,27,0,8,18,6,6,1,11,0.14285714285714285,6,0,4.0,0
0.0010865628395508873,2760,2.0,29,0,9,6,2,2,1,13,0.6666666666666666,8,0,2.0,1
0.0004765687053216839,6294,3.75,29,1,1,30,10,3,8,12,0.0,0,0,2.0,0
0.0004201092283993838,7140,1.75,30,0,15,36,12,7,2,11,0.07692307692307693,7,1,7.0,0
0.0010228435049437436,2932,3.25,34,1,2,18,6,5,0,14,0.14285714285714285,6,3,2.0,0
0.0005827505827505828,5147,3.25,33,0,2,39,13,11,8,15,0.07142857142857142,7,0,7.0,0
0.0006654835847382431,4507,3.5,49,0,11,24,8,5,3,12,0.0,7,0,4.0,0
0.0004670169293636894,8564,2.0,33,1,16,44,11,0,2,20,0.0,7,0,0.0,1
0.001215066828675577,2468,2.25,38,0,2,27,9,6,4,14,0.0,2,1,5.0,0
0.00036755697133055625,8161,2.0,31,0,16,30,10,1,2,13,0.0,7,3,0.0,1
0.0014218009478672985,2109,2.5,29,0,4,3,1,1,1,13,0.0,6,1,0.0,0
0.0005665722379603399,5294,3.25,30,0,16,30,10,7,3,16,0.09090909090909091,0,1,7.0,0
0.0011033468186833395,2718,2.25,32,0,5,36,12,7,2,14,0.0,6,0,7.0,0
0.0005161734342739161,5811,2.5,38,1,18,45,15,1,3,16,0.0625,0,1,0.0,0
0.0012305168170631665,2437,3.0,43,1,17,18,6,1,9,16,0.0,6,1,0.0,1
0.0014456089627755693,2766,2.25,42,0,12,28,7,5,8,22,0.0,2,3,4.0,0
0.0001575713010137087,19038,2.0,55,0,2,102,34,1,8,12,0.0,5,3,0.0,0
0.000981675392670157,3055,3.25,33,0,4,33,11,9,5,15,0.08333333333333333,6,2,7.0,0
0.0017467248908296944,2289,2.25,41,0,9,20,5,5,1,20,0.0,2,2,4.0,0
0.0007496251874062968,4001,3.25,34,1,10,45,15,15,1,14,0.0,7,1,7.0,0
0.00030849915162733303,12965,2.5,53,1,1,108,27,3,4,20,0.0,4,3,2.0,0
0.000847457627118644,3539,2.75,43,0,2,30,10,9,0,13,0.09090909090909091,1,0,8.0,0
0.0004975124378109452,6029,2.5,34,0,3,18,6,2,5,12,0.2857142857142857,7,0,2.0,0
0.001119402985074627,2679,2.25,21,0,7,3,1,1,1,13,0.5,8,0,0.0,1
0.0008101539292465569,3702,2.75,38,0,6,15,5,5,1,11,0.0,2,1,4.0,0
0.0012505210504376823,2398,2.5,22,1,8,3,1,1,1,17,0.0,2,0,0.0,1
0.0005485463521667581,5468,2.0,31,0,29,39,13,12,1,14,0.35714285714285715,7,2,7.0,0
0.00022871083326980255,13116,2.75,51,0,3,45,15,2,2,11,0.125,3,0,2.0,0
0.0007159904534606205,4189,1.75,37,0,9,15,5,5,1,14,0.0,7,2,3.0,0
0.0001552072016141549,19328,3.25,46,1,2,72,24,2,7,17,0.08,5,1,2.0,0
0.0003604902667627974,8321,3.0,36,1,10,45,15,12,7,13,0.3125,0,1,7.0,0
0.0012804097311139564,2342,2.75,44,1,1,18,6,5,1,12,0.2857142857142857,6,3,3.0,1
0.0007367387033398821,4071,2.75,37,0,8,57,19,10,2,13,0.2,1,0,7.0,0
0.0005159958720330237,5813,3.5,35,1,27,30,10,10,1,18,0.6363636363636364,7,0,7.0,1
0.0009541984732824427,3143,2.75,33,0,8,42,14,10,6,19,0.4666666666666667,6,1,6.0,0
0.001466992665036675,2044,3.25,28,0,1,15,5,5,1,11,0.0,6,1,3.0,0
0.00029706646862235426,13464,3.0,39,0,10,36,9,4,7,21,0.2,5,0,2.0,0
0.00037537537537537537,7991,2.25,46,0,26,18,6,2,8,15,0.2857142857142857,7,0,2.0,0
0.0008880994671403197,3377,2.75,40,0,2,21,7,4,4,17,0.0,2,1,2.0,0
0.0005416140097490522,5538,2.5,42,0,13,30,10,0,5,18,0.0,0,2,0.0,0
0.0005205622071837585,5762,3.0,35,0,2,45,15,7,2,14,0.0625,4,1,7.0,0
0.0011569610489780178,2592,2.5,38,0,2,39,13,11,5,13,0.21428571428571427,1,3,8.0,0
0.0005610622779128483,5346,2.75,34,0,9,33,11,7,4,17,0.0,2,1,7.0,1
0.0007119126720455624,4213,2.5,37,0,10,30,10,10,1,15,0.0,4,0,8.0,1
0.0007267441860465116,4127,3.5,39,0,20,21,7,2,2,18,0.25,7,1,2.0,0
0.0012300123001230013,2438,2.5,43,0,9,21,7,3,4,13,0.125,6,0,2.0,0
0.00043661766846165044,6870,2.25,41,0,5,33,11,3,3,12,0.08333333333333333,0,0,2.0,0
0.0002871362940275651,10447,3.25,41,1,4,69,23,22,0,13,0.5416666666666666,7,1,5.0,0
0.0003103020273065784,9667,2.25,30,0,10,27,9,7,9,14,0.0,4,0,2.0,0
0.0013959981386691485,2148,3.0,26,1,20,18,6,5,0,11,0.14285714285714285,1,0,4.0,1
0.0004480788618796908,8926,3.25,46,0,21,52,13,9,4,22,0.21428571428571427,0,1,7.0,1
0.000460546515198035,6513,3.5,40,0,1,36,12,5,4,17,0.0,0,1,3.0,0
0.000588235294117647,6799,3.0,34,0,8,40,10,10,1,21,0.36363636363636365,7,2,8.0,0
0.00024551927326295114,16291,2.75,58,0,2,148,37,16,4,22,0.3684210526315789,3,1,14.0,0
0.0011086474501108647,2705,2.0,35,0,23,18,6,5,0,16,0.0,2,1,3.0,0
0.0002903038513644281,10333,2.5,47,1,4,84,28,22,8,12,0.4827586206896552,4,1,10.0,0
0.0006743088334457181,4448,2.0,40,0,12,45,15,7,2,12,0.4375,0,1,7.0,0
0.000437636761487965,6854,3.25,54,0,7,42,14,7,4,15,0.06666666666666667,6,1,7.0,0
0.00031126789790412947,9637,2.25,31,0,7,27,9,3,2,14,0.2,7,2,2.0,0
0.0011135857461024498,3591,2.5,28,0,1,12,3,3,1,25,0.25,6,1,2.0,0
0.0007399186089530152,5405,2.0,38,1,2,80,20,4,2,20,0.0,8,2,3.0,0
0.0006403415154749199,4684,2.75,26,0,10,15,5,5,1,13,0.16666666666666666,7,0,2.0,0
0.00019001773498859893,15787,2.25,58,1,15,69,23,2,2,14,0.08333333333333333,5,0,2.0,0
0.0019801980198019802,1514,2.75,18,0,14,0,0,0,1,16,0.0,6,0,0.0,0
0.0010145417653026716,2956,3.0,31,0,18,6,2,1,0,17,0.0,1,0,0.0,1
0.0012842465753424657,2335,2.0,29,1,13,12,4,2,4,15,0.4,1,3,0.0,1
0.0007759456838021338,5154,2.75,45,0,2,40,10,8,4,22,0.45454545454545453,7,2,7.0,0
0.0005744650294413328,6962,3.25,36,1,2,60,15,1,4,22,0.0,6,1,0.0,0
0.0007047216349541931,5675,2.75,43,0,2,28,7,7,1,20,0.875,7,1,7.0,0
0.0012605042016806723,2379,3.5,27,1,5,18,6,5,0,14,0.0,2,0,2.0,0
0.0007867820613690008,3812,3.25,29,0,20,33,11,11,1,13,0.25,2,0,10.0,0
0.0006453000645300065,4648,3.5,32,0,10,12,4,0,8,13,0.0,7,0,0.0,0
0.001361933946203609,2936,2.75,42,0,10,40,10,6,3,22,0.2727272727272727,6,2,3.0,0
0.0014245014245014246,2105,2.75,47,0,9,21,7,2,4,12,0.25,2,0,0.0,0
0.0003496911061895326,8578,3.5,46,0,2,36,12,9,3,14,0.3076923076923077,4,1,7.0,0
0.0011082379017362395,2706,3.0,28,0,1,9,3,3,1,15,0.5,1,1,2.0,0
0.00046985121378230227,6384,3.0,29,0,29,33,11,7,8,17,0.08333333333333333,0,2,6.0,0
0.0007558578987150416,3968,3.5,42,0,8,24,8,0,4,13,0.0,2,0,0.0,0
0.0003027856277755349,9907,2.5,32,1,2,21,7,2,7,12,0.25,7,0,2.0,1
0.00022682594888855285,13225,2.5,46,0,3,75,25,19,2,12,0.07692307692307693,7,1,8.0,0
0.0011296243998870376,3540,2.75,27,0,23,36,9,9,1,21,0.5,8,1,8.0,0
0.0010695187165775401,2804,3.0,29,0,6,3,1,1,1,11,0.0,1,0,0.0,0
0.0001546949930387253,19392,2.5,43,0,6,63,21,16,7,13,0.2727272727272727,3,0,14.0,0
0.00015254754398454185,19665,3.0,48,0,10,87,29,22,4,12,0.4,5,0,9.0,0
0.001639344262295082,2439,3.0,29,1,24,4,1,1,1,24,0.5,6,0,0.0,1
0.0005468215994531784,7314,2.75,46,0,10,56,14,8,5,21,0.0,7,3,7.0,1
0.0006282722513089005,4774,2.75,27,0,15,24,8,7,0,19,0.7777777777777778,6,1,3.0,0
0.0007686395080707148,3902,3.25,39,0,19,21,7,2,8,14,0.25,6,3,2.0,0
0.0015020653398422831,2662,2.5,55,0,2,76,19,5,8,20,0.0,6,1,4.0,0
0.0010500525026251313,2856,2.75,28,0,3,3,1,1,1,19,0.0,8,1,0.0,0
0.0027726432532347504,1081,3.0,30,0,9,3,1,1,1,13,0.0,8,0,0.0,1
0.0016174686615446825,2472,2.5,22,1,7,4,1,1,1,23,0.0,6,0,0.0,1
0.0005287275290800141,5673,2.0,36,1,10,30,10,10,1,13,0.09090909090909091,7,1,7.0,0
0.0007146260123868509,4197,2.25,31,0,20,30,10,10,1,11,0.0,2,1,2.0,0
0.00030883261272390367,9713,3.5,34,1,4,27,9,5,2,13,0.1,7,3,0.0,0
0.001454192922927775,2062,2.5,29,0,7,33,11,3,3,14,0.08333333333333333,2,0,2.0,0
0.0009334889148191366,4284,2.75,37,1,7,64,16,5,5,22,0.0,6,1,4.0,0
0.0006264355815410315,4788,3.0,35,1,16,12,4,3,0,11,0.0,4,0,2.0,0
0.0005078720162519045,5906,3.0,45,0,25,30,10,9,0,13,0.2727272727272727,4,2,8.0,0
0.0010290712631849757,3886,3.0,36,0,2,40,10,10,1,21,0.0,1,0,8.0,0
0.0001783166904422254,16823,1.5,40,0,1,66,22,19,2,11,0.4782608695652174,3,1,14.5,0
0.0010224948875255625,2933,2.5,26,1,1,3,1,1,1,13,0.5,6,1,0.0,0
0.00046146746654360867,6500,2.5,27,0,2,27,9,8,0,14,0.0,7,0,7.0,0
0.00017467248908296942,17174,3.25,48,0,22,72,24,22,3,11,0.16,3,1,7.0,0
0.0005959475566150178,5033,2.75,44,0,1,30,10,2,2,15,0.18181818181818182,0,1,2.0,0
0.0017331022530329288,2307,2.0,34,1,16,20,5,5,1,23,0.5,6,1,0.0,1
0.00115919629057187,2587,3.0,56,0,24,15,5,4,1,16,0.16666666666666666,2,0,0.0,1
0.0005446623093681918,5507,2.5,36,0,17,36,12,4,2,16,0.07692307692307693,7,2,3.0,0
0.0009103322712790169,4393,2.75,41,0,8,56,14,5,5,21,0.06666666666666667,7,1,4.0,0
0.00022473593527605064,13348,2.25,42,0,6,54,18,13,9,13,0.2631578947368421,5,1,7.0,0
0.0004556500607533414,6583,3.5,31,1,10,24,8,5,2,11,0.1111111111111111,7,1,4.0,0
0.00037018756169792695,8103,3.25,34,1,3,27,9,4,3,12,0.0,7,0,1.0,0
0.0007539582809751194,3978,2.5,31,0,4,12,4,2,8,12,0.4,2,1,2.0,0
0.0011787819253438114,2544,3.0,26,0,6,24,8,7,0,18,0.7777777777777778,2,1,7.0,0
0.0005555555555555556,5399,2.75,45,0,1,36,12,4,4,12,0.0,0,0,3.0,0
0.0005466472303206997,5487,2.5,33,0,10,30,10,10,1,14,0.0,7,0,9.0,0
0.0004389173372348208,6834,3.0,28,1,1,21,7,7,1,12,0.0,7,1,7.0,0
0.0027472527472527475,1091,3.0,29,0,24,3,1,1,1,17,0.0,8,0,0.0,1
0.0005229213874847481,5736,2.0,39,0,21,30,10,3,6,19,0.09090909090909091,7,1,2.0,0
0.001347103726986978,2226,2.5,27,0,2,18,6,5,1,11,0.14285714285714285,6,1,2.0,0
0.0005219206680584551,5747,2.75,34,1,22,48,16,15,1,15,0.35294117647058826,6,0,11.0,0
0.00030441400304414006,9854,3.5,28,1,13,18,6,2,3,11,0.2857142857142857,7,0,2.0,1
0.0005486466715435259,5467,2.75,47,0,14,48,16,8,8,18,0.058823529411764705,6,1,7.0,0
0.0005575171901133618,5380,2.5,56,0,11,18,6,0,4,16,0.0,7,1,0.0,0
0.0007763975155279503,5151,2.25,39,0,9,40,10,10,1,25,0.6363636363636364,4,1,9.0,0
0.0014058106841611997,2133,2.75,38,1,8,60,20,20,1,16,0.0,6,1,7.0,0
0.00016782277914522266,17875,3.5,58,1,21,87,29,1,4,13,0.0,3,1,0.0,0
0.0012330456226880395,2432,2.25,32,1,5,24,8,4,3,14,0.0,6,0,3.0,1
0.0006286672254819782,4771,3.25,38,0,9,30,10,5,2,19,0.0,6,2,3.0,0
0.00015655985805239537,19161,3.25,49,0,2,84,28,5,3,15,0.13793103448275862,5,0,3.0,0
0.0005896226415094339,5087,3.0,42,1,12,42,14,0,3,12,0.0,7,2,0.0,0
0.001047486033519553,2863,1.5,27,0,22,3,1,1,1,12,0.0,1,0,0.0,1
0.0005393743257820927,5561,2.5,35,0,18,18,6,5,0,16,0.0,7,1,4.0,0
0.0013986013986013986,2144,3.0,28,0,16,15,5,5,1,14,0.16666666666666666,6,0,4.0,0
0.0009784735812133072,3065,2.75,31,1,3,12,4,4,1,13,0.4,6,1,3.0,0
0.001422981145499822,2810,2.25,36,0,9,20,5,5,1,22,0.0,2,0,2.0,0
0.0004044898371928405,9888,2.25,34,0,1,56,14,14,1,21,0.13333333333333333,7,0,1.0,0
0.00034766485108355543,8628,3.25,34,0,13,27,9,8,1,18,0.1,7,1,1.0,0
0.0010460251046025104,2867,2.75,26,0,1,24,8,7,0,13,0.7777777777777778,2,0,6.0,0
0.0005582433941198362,5373,1.5,29,0,1,18,6,5,0,12,0.0,0,1,2.0,0
0.00044991001799640074,6667,3.0,32,0,15,27,9,5,5,18,0.1,0,1,2.0,0
0.0007993605115907274,5003,2.0,31,0,1,40,10,10,1,21,0.7272727272727273,6,0,7.0,0
0.001266891891891892,2367,2.5,28,0,17,18,6,4,5,12,0.0,2,1,3.0,1
0.001049317943336831,2858,1.25,38,0,1,60,20,1,4,14,0.0,8,0,0.0,0
0.0005763688760806917,5204,3.5,35,1,7,30,10,10,1,11,0.0,7,0,9.0,0
0.0007306380905991232,4105,3.0,27,0,9,21,7,7,1,14,0.0,7,0,7.0,0
0.00041322314049586776,9679,3.0,32,0,5,32,8,1,8,24,0.0,4,0,0.0,0
0.000533997864008544,5617,2.75,31,1,26,30,10,10,1,11,0.0,7,0,8.0,1
0.0002871088142405972,10448,1.75,53,1,24,45,15,2,6,13,0.125,7,0,2.0,1
0.0010351966873706005,2897,2.5,54,0,9,27,9,4,3,11,0.2,6,2,3.0,0
0.0006701289998324678,5968,3.25,33,0,7,36,9,9,1,20,0.2,0,3,8.0,0
0.0003994141925176408,7510,2.25,43,0,11,30,10,10,1,17,0.0,0,1,9.0,0
0.001002673796791444,2991,2.75,38,1,1,21,7,6,0,11,0.125,1,1,2.0,0
0.00015277282680653867,19636,2.5,55,1,26,105,35,10,4,18,0.027777777777777776,3,1,4.0,0
0.002654867256637168,1129,3.0,31,1,2,3,1,1,1,11,0.0,2,3,0.0,0
0.0002248538450007495,13341,1.75,39,0,15,63,21,20,0,12,0.5,7,0,10.0,0
0.0006923609508423724,4332,3.25,42,0,23,60,20,20,1,12,0.14285714285714285,6,0,7.0,0
0.00036258158085569254,11031,3.0,31,0,10,52,13,11,4,20,0.2857142857142857,5,1,8.0,0
0.0006755235307363207,4440,2.75,54,1,10,27,9,5,6,19,0.1,4,0,4.0,0
0.00064963187527068,4617,2.25,24,0,1,12,4,4,1,12,0.2,0,0,2.0,0
0.0011329305135951663,2647,3.5,23,0,12,15,5,5,1,13,0.16666666666666666,2,0,4.0,0
0.0004743833017077799,6323,2.75,40,0,11,30,10,10,1,11,0.8181818181818182,2,1,4.0,0
0.0005283550545966889,5677,2.5,40,0,2,45,15,11,3,14,0.3125,7,1,10.0,0
0.0013711151736745886,2187,2.75,25,0,2,18,6,2,4,14,0.14285714285714285,1,0,2.0,0
0.0008002133902373967,3748,3.0,30,0,1,36,12,12,1,13,0.07692307692307693,2,0,7.0,0
0.0007541478129713424,3977,3.25,25,1,2,21,7,2,6,19,0.0,2,1,2.0,0
0.000463284688441047,8633,2.25,47,0,25,100,25,17,2,23,0.46153846153846156,0,0,11.0,0
0.0014932802389248383,2008,2.5,33,0,1,3,1,1,1,12,0.0,2,3,0.0,0
0.0006755235307363207,4440,2.5,38,0,1,48,16,15,0,15,0.29411764705882354,7,2,8.0,0
0.0009778357235984355,3067,2.5,31,0,2,9,3,2,0,19,0.25,8,1,2.0,0
0.0005636978579481398,5321,2.5,38,0,6,30,10,8,2,11,0.6363636363636364,4,1,7.0,0
0.0005544261689151728,5410,2.75,42,1,18,27,9,4,6,17,0.1,6,1,2.0,0
0.001437297879985627,2782,3.0,41,0,1,48,12,5,3,22,0.07692307692307693,6,1,0.0,0
0.0002508780732563974,11957,2.25,47,0,1,42,14,13,0,18,0.3333333333333333,5,2,12.0,0
0.0011273957158962795,2660,3.25,35,1,11,15,5,2,7,11,0.3333333333333333,2,1,2.0,0
0.0008886255924170616,3375,3.5,22,0,1,12,4,3,0,12,0.2,6,0,2.0,0
0.000588350656991567,5098,2.5,35,0,9,30,10,10,1,19,0.0,6,0,8.0,0
0.0006148800983808157,4878,2.5,33,1,15,30,10,9,0,13,0.7272727272727273,0,1,1.0,0
0.0010570824524312897,2837,2.5,32,0,29,18,6,6,1,13,0.5714285714285714,2,0,1.0,0
0.0012463647694225177,2406,2.75,40,0,1,24,8,1,8,19,0.0,2,2,0.0,0
0.0013215859030837004,2269,2.0,32,0,1,9,3,2,0,14,0.5,8,1,2.0,0
0.0007301046483329277,4108,2.25,39,0,24,54,18,7,7,13,0.05263157894736842,6,0,7.0,0
0.00022715226773680625,13206,1.75,38,0,10,60,20,18,3,12,0.047619047619047616,5,1,11.0,0
0.00028782500239854167,10422,3.25,32,0,1,42,14,14,1,19,0.3333333333333333,7,2,7.0,0
0.0002910149145143689,13744,3.0,37,1,10,64,16,16,1,25,0.35294117647058826,5,1,8.0,0
0.0008149959250203749,4907,2.25,25,1,8,24,6,5,0,22,0.0,7,1,4.0,0
0.0008613264427217916,3482,2.5,52,0,29,48,16,9,2,15,0.0,8,2,0.0,0
0.0012310217480508822,2436,3.0,44,1,1,18,6,4,6,12,0.14285714285714285,6,0,2.0,0
0.00125997480050399,2380,2.75,21,1,5,6,2,2,1,11,0.3333333333333333,8,0,2.0,0
0.0001543845203787567,19431,3.5,39,0,9,63,21,6,2,13,0.045454545454545456,3,0,3.0,0
0.0016750418760469012,1790,2.25,23,0,9,3,1,1,1,19,0.5,8,1,0.0,1
0.0003924133420536298,7644,2.5,36,0,3,30,10,9,0,19,0.2727272727272727,7,2,4.0,0
0.0005845674201091193,5131,2.75,36,0,4,54,18,4,7,13,0.0,4,3,2.0,0
0.0006342159505311559,6306,2.5,56,0,1,52,13,13,1,21,0.07142857142857142,0,1,9.0,0
0.0006265664160401002,4787,2.5,29,1,1,12,4,2,9,14,0.4,6,3,2.0,1
0.00015888988930671044,18880,2.0,42,0,2,72,24,22,5,11,0.16,3,0,14.0,0
0.001282051282051282,2339,3.5,56,0,7,42,14,10,8,11,0.6,2,1,8.0,1
0.0002947461498784172,13570,2.0,41,0,28,84,21,20,0,23,0.0,4,1,10.0,0
0.0005958587814687919,6712,3.25,34,0,28,32,8,8,1,21,0.1111111111111111,7,2,7.0,0
0.000739781764379508,5406,2.5,36,0,15,60,15,15,1,24,0.6875,7,1,11.0,0
0.0003356080098445016,8938,2.5,41,0,3,42,14,5,2,11,0.0,7,1,4.0,0
0.0012295081967213116,2439,3.0,32,0,2,12,4,4,1,14,0.2,6,0,2.0,0
0.00033944331296673454,8837,3.25,35,1,26,27,9,9,1,16,0.1,1,0,7.0,0
0.000561377245508982,5343,2.75,38,0,10,30,10,10,1,11,0.09090909090909091,7,1,9.0,0
0.00044583147570218456,6728,3.0,50,0,1,36,12,6,7,12,0.0,7,2,1.0,1
0.00045092439500977,6652,2.25,36,0,11,24,8,6,4,13,0.0,7,1,0.0,0
0.0006184291898577613,4850,3.25,45,0,20,24,8,5,8,15,0.0,7,0,1.0,0
0.0010676156583629894,2809,3.0,40,0,2,24,8,2,2,14,0.2222222222222222,6,0,2.0,0
0.0005272407732864675,5689,3.25,35,1,18,30,10,10,1,14,0.0,0,2,2.0,0
0.0014985014985014985,2001,2.75,40,0,2,60,20,5,2,14,0.0,6,3,2.0,0
0.0010073875083948958,2977,3.0,35,0,1,12,4,4,1,12,0.2,6,1,1.0,0
0.0007451564828614009,4025,2.25,29,1,13,30,10,4,4,13,0.0,2,1,3.0,0
0.000792393026941363,3785,2.25,29,0,28,15,5,5,1,14,0.0,6,0,4.0,0
0.0002763703362505758,10854,2.25,50,1,28,60,20,3,4,13,0.09523809523809523,7,1,0.0,1
0.0002493351063829787,12031,2.25,39,0,24,63,21,20,0,11,0.4090909090909091,7,1,6.0,0
0.000301901982489685,9936,2.0,31,0,5,30,10,9,0,19,0.09090909090909091,4,0,7.0,0
0.0010111223458038423,2966,3.25,26,0,5,15,5,4,0,18,0.0,8,0,0.0,0
0.0011664074650077762,2571,3.5,36,0,23,51,17,5,4,17,0.0,2,1,3.0,0
0.00030024019215372296,9991,2.0,39,0,6,27,9,7,4,15,0.1,0,1,7.0,0
0.0006511476477291225,6142,2.5,27,1,4,24,6,6,1,20,0.0,4,1,3.0,0
0.0005564830272676684,5390,3.0,49,0,2,51,17,9,2,14,0.0,7,0,8.0,0
0.000681044267877412,4404,2.5,34,0,8,18,6,4,2,12,0.14285714285714285,2,0,2.0,0
